Fecha,Hora,Destino,Proveedor,Valor Flete,Bultos despachados,Costo de los bultos despachados,Bultos empacados,Costo de los bultos empacados,Bitacora,Nro carga,CxQ
28/09/2026,11:45:24,ARICA,77636200-K/TRANSPORTES SAN GABRIEL LTDA.,0.0,1501,0.0,0,0.0,121535,HKOOB37829163,0.0
28/09/2026,21:16:04,SAN FERNANDO,76252773-1/GARATE Y GARATE LIMITADA,0.0,854,0.0,3,0.0,121542,HKOOB37839079,0.0
29/09/2026,02:35:18,VINA DEL MAR,82623500-4/IDEAL S.A,0.0,1599,10116558.0,1599,10116558.0,121547,HKOOB37839325,0.0
29/09/2026,06:07:28,MELIPILLA,82623500-4/IDEAL S.A,0.0,1318,217500.0,1318,217500.0,121551,HKOOB37838450,0.0
29/09/2026,06:10:40,LOS ANDES,77970090-9/TRANSPORTES DONA ISIDORA (LABBE),0.0,1795,36142197.0,1731,36142197.0,121549,HKOOB37838761,0.0
29/09/2026,06:31:33,RANCAGUA,76252773-1/GARATE Y GARATE LIMITADA,0.0,1588,11544103.0,1588,11544103.0,121552,HKOOB37838451,0.0
29/09/2026,10:09:09,CONCEPCION,77970090-9/TRANSPORTES DONA ISIDORA (LABBE),0.0,980,5515200.0,980,5515200.0,121553,HKOOB37838442,0.0
29/09/2026,10:41:12,PTO MONTT,77636200-K/TRANSPORTES SAN GABRIEL LTDA.,0.0,1608,0.0,1668,0.0,121555,HKOOB37838434,0.0
29/09/2026,10:53:20,IQUIQUE,77636200-K/TRANSPORTES SAN GABRIEL LTDA.,0.0,1895,46757302.0,1895,46757302.0,121554,HKOOB37839655,0.0
29/09/2026,11:04:48,RUTA SOLITARIA 1059 LV,77970090-9/TRANSPORTES DONA ISIDORA (LABBE),0.0,1586,0.0,1586,0.0,121556,HKOOB37838438,0.0
29/09/2026,12:31:57,CONCEPCION,82623500-4/IDEAL S.A,0.0,11,353430.0,11,353430.0,nan,CHKO385747,0.0
29/09/2026,13:02:53,VINA DEL MAR,82623500-4/IDEAL S.A,0.0,1398,18658084.0,1398,18658084.0,121557,HKOOB37839324,0.0
29/09/2026,13:27:03,TALCA,77636200-K/TRANSPORTES SAN GABRIEL LTDA.,0.0,1530,0.0,1530,0.0,121558,HKOOB37838440,0.0
29/09/2026,18:19:11,ANTOFAGASTA,77970090-9/TRANSPORTES DONA ISIDORA (LABBE),0.0,1459,39526305.0,1459,39526305.0,121561,HKOOB37838778,0.0
29/09/2026,18:43:57,LOS ANGELES,77970090-9/TRANSPORTES DONA ISIDORA (LABBE),0.0,1785,0.0,1785,0.0,121562,HKOOB37838444,0.0
29/09/2026,19:05:00,VINA DEL MAR,76252773-1/GARATE Y GARATE LIMITADA,0.0,1353,22128390.0,1353,22128390.0,121563,HKOOB37839323,0.0
29/09/2026,19:45:06,TEMUCO,77636200-K/TRANSPORTES SAN GABRIEL LTDA.,0.0,1658,301350.0,1658,301350.0,121565,HKOOB37838448,0.0
29/09/2026,20:03:15,CONCEPCION,77636200-K/TRANSPORTES SAN GABRIEL LTDA.,0.0,3006,0.0,2829,0.0,121564,CHKO385825 / HKOOB37838441,0.0
29/09/2026,21:36:42,LO ESPEJO,82623500-4/IDEAL S.A,0.0,1536,23666202.0,1536,23666202.0,53440,HKOOB37838718,0.0
29/09/2026,21:42:18,CHILLAN,77636200-K/TRANSPORTES SAN GABRIEL LTDA.,0.0,1477,0.0,1511,0.0,121567,HKOOB37838446,0.0
29/09/2026,22:01:20,CONCEPCION,76746317-0/TRAILER LOGISTICS SPA,0.0,694,10887680.0,694,10887680.0,121566,HKOOB37843855,0.0
29/09/2026,22:29:28,LA SERENA,76746317-0/TRAILER LOGISTICS SPA,0.0,1646,3323376.0,1646,3323376.0,121568,HKOOB37838436,0.0
29/09/2026,22:49:03,VINA DEL MAR,16575553-7/GABRIEL ALEJANDRO ESTAY CARRAZANA,0.0,1572,56424412.0,1572,56424412.0,121570,HKOOB37839322,0.0
30/09/2026,00:16:06,TALCA,77636200-K/TRANSPORTES SAN GABRIEL LTDA.,0.0,1556,20324404.0,1556,20324404.0,121571,HKOOB37838439,0.0
30/09/2026,00:44:29,LO ESPEJO,82623500-4/IDEAL S.A,0.0,1570,12819135.0,1570,12819135.0,53455,HKOOB37838719,0.0
30/09/2026,02:07:27,LO ESPEJO,82623500-4/IDEAL S.A,0.0,1650,37766468.0,1650,37766468.0,53459,HKOOB37838720,0.0
30/09/2026,02:42:13,SAN FERNANDO,16575553-7/GABRIEL ALEJANDRO ESTAY CARRAZANA,0.0,750,36652500.0,750,36652500.0,121572,HKOOB37845153,0.0
30/09/2026,03:00:03,EL PINAR,82623500-4/IDEAL S.A,0.0,1046,30124000.0,1046,30124000.0,53464,HKOOB37843843,0.0
30/09/2026,04:04:00,LO ESPEJO,82623500-4/IDEAL S.A,0.0,1649,52456712.0,1649,52456712.0,53476,HKOOB37838721,0.0
30/09/2026,05:11:17,RANCAGUA,76252773-1/GARATE Y GARATE LIMITADA,0.0,1593,41274599.0,1593,41274599.0,121573,HKOOB37843852,0.0
30/09/2026,05:58:06,MELIPILLA,82623500-4/IDEAL S.A,0.0,1369,32849516.0,1369,32849516.0,121574,HKOOB37843859,0.0
30/09/2026,06:17:08,LOS ANDES,77970090-9/TRANSPORTES DONA ISIDORA (LABBE),0.0,813,15171756.0,813,15171756.0,121575,HKOOB37843853,0.0
30/09/2026,07:56:44,VINA DEL MAR,16575553-7/GABRIEL ALEJANDRO ESTAY CARRAZANA,0.0,1862,44956943.0,1862,44956943.0,121576,HKOOB37845193,0.0
30/09/2026,10:03:36,VALDIVIA,77636200-K/TRANSPORTES SAN GABRIEL LTDA.,0.0,1526,33776054.0,1526,33776054.0,121578,HKOOB37843841,0.0
30/09/2026,10:18:11,RUTA SOLITARIA ELPAC,77636200-K/TRANSPORTES SAN GABRIEL LTDA.,0.0,1527,33629067.0,1527,33629067.0,121577,HKOOB37843861,0.0
30/09/2026,11:05:15,ANTOFAGASTA,77636200-K/TRANSPORTES SAN GABRIEL LTDA.,0.0,1702,45844435.0,1702,45844435.0,121579,HKOOB37845207,0.0
30/09/2026,11:37:44,OSORNO,77636200-K/TRANSPORTES SAN GABRIEL LTDA.,0.0,1647,39482797.0,1647,39482797.0,121580,HKOOB37843844,0.0
30/09/2026,11:54:45,COPIAPO,77636200-K/TRANSPORTES SAN GABRIEL LTDA.,0.0,1795,40983561.0,1795,40983561.0,121581,HKOOB37843835,0.0
30/09/2026,13:02:18,CONCEPCION,77636200-K/TRANSPORTES SAN GABRIEL LTDA.,0.0,1492,24119544.0,1492,24119544.0,121583,HKOOB37843856,0.0
30/09/2026,13:16:58,PTO MONTT,77970090-9/TRANSPORTES DONA ISIDORA (LABBE),0.0,1114,36433838.0,1114,36433838.0,121582,HKOOB37843848,0.0
30/09/2026,13:46:35,ANTOFAGASTA,82623500-4/IDEAL S.A,0.0,1406,27063666.0,1406,27063666.0,121584,HKOOB37845206,0.0
30/09/2026,15:47:06,EL PINAR,82623500-4/IDEAL S.A,0.0,472,0.0,472,0.0,53548,HKOOB37858621,0.0
30/09/2026,16:10:24,LO ESPEJO,82623500-4/IDEAL S.A,0.0,1552,19849017.0,1552,19849017.0,53550,HKOOB37844949,0.0
30/09/2026,16:42:19,TEMUCO,77970090-9/TRANSPORTES DONA ISIDORA (LABBE),0.0,1688,23543571.0,1688,23543571.0,121585,HKOOB37843845,0.0
30/09/2026,17:08:40,TALCA,77636200-K/TRANSPORTES SAN GABRIEL LTDA.,0.0,1583,25185473.0,1583,25185473.0,121586,HKOOB37843837,0.0
30/09/2026,17:57:56,LO ESPEJO,82623500-4/IDEAL S.A,0.0,1184,8476762.0,1184,8476762.0,53559,HKOOB37844950,0.0
30/09/2026,19:16:12,TEMUCO,77636200-K/TRANSPORTES SAN GABRIEL LTDA.,0.0,1740,47080774.0,1740,47080774.0,121587,HKOOB37843846,0.0
30/09/2026,19:27:50,EL PINAR,82623500-4/IDEAL S.A,0.0,500,20049216.0,500,20049216.0,53562,HKOOB37858622,0.0
30/09/2026,19:48:02,LOS ANGELES,77636200-K/TRANSPORTES SAN GABRIEL LTDA.,0.0,1376,26529064.0,1376,26529064.0,121588,HKOOB37843860,0.0
30/09/2026,20:25:40,LO ESPEJO,82623500-4/IDEAL S.A,0.0,1200,42276792.0,1200,42276792.0,53572,HKOOB37844951,0.0
30/09/2026,20:37:25,TALCA,77636200-K/TRANSPORTES SAN GABRIEL LTDA.,0.0,1350,40074098.0,1350,40074098.0,121589,HKOOB37843838,0.0
30/09/2026,20:47:14,CHILLAN,77636200-K/TRANSPORTES SAN GABRIEL LTDA.,0.0,1699,38098631.0,1699,38098631.0,121590,HKOOB37843858,0.0
30/09/2026,21:46:35,VINA DEL MAR,16575553-7/GABRIEL ALEJANDRO ESTAY CARRAZANA,0.0,1468,4553566.0,1468,4553566.0,121591,HKOOB37845196,0.0
30/09/2026,22:09:30,LO ESPEJO,82623500-4/IDEAL S.A,0.0,1556,25529324.0,1556,25529324.0,53586,HKOOB37844952,0.0
30/09/2026,22:53:41,SAN FERNANDO,76252773-1/GARATE Y GARATE LIMITADA,0.0,646,14389559.0,646,14389559.0,121592,HKOOB37845155,0.0
01/10/2026,00:08:42,LO ESPEJO,82623500-4/IDEAL S.A,0.0,1196,5513109.0,1196,5513109.0,53592,HKOOB37838722,0.0
01/10/2026,01:05:43,LO ESPEJO,82623500-4/IDEAL S.A,0.0,1301,32730548.0,1301,32730548.0,53597,HKOOB37838723,0.0
01/10/2026,01:34:44,LA SERENA,76746317-0/TRAILER LOGISTICS SPA,0.0,1966,39393296.0,1966,39393296.0,121593,HKOOB37843839,0.0
01/10/2026,02:03:58,LO ESPEJO,82623500-4/IDEAL S.A,0.0,1354,35244909.0,1354,35244909.0,53606,HKOOB37844955,0.0
01/10/2026,03:38:15,CONCEPCION,76746317-0/TRAILER LOGISTICS SPA,0.0,2054,61298822.0,2054,61298822.0,121594,HKOOB37858632,0.0
01/10/2026,03:46:40,LO ESPEJO,82623500-4/IDEAL S.A,0.0,1156,20316961.0,1156,20316961.0,53611,HKOOB37844953,0.0
01/10/2026,04:03:15,VINA DEL MAR,82623500-4/IDEAL S.A,0.0,1511,37632989.0,1511,37632989.0,121595,HKOOB37860273,0.0
01/10/2026,05:02:25,LO ESPEJO,82623500-4/IDEAL S.A,0.0,1199,27285073.0,1199,27285073.0,53619,HKOOB37838724,0.0
01/10/2026,05:43:19,RANCAGUA,76252773-1/GARATE Y GARATE LIMITADA,0.0,1763,22569340.0,1763,22569340.0,121596,HKOOB37858629,0.0
01/10/2026,06:01:58,VINA DEL MAR,16575553-7/GABRIEL ALEJANDRO ESTAY CARRAZANA,0.0,1704,36571271.0,1704,36571271.0,121597,HKOOB37845194,0.0
01/10/2026,06:30:44,LO ESPEJO,82623500-4/IDEAL S.A,0.0,1519,35086690.0,1519,35086690.0,53627,HKOOB37838725,0.0
01/10/2026,06:31:29,LO ESPEJO,82623500-4/IDEAL S.A,0.0,660,25634919.0,660,25634919.0,LAS,HKOOB37859989,0.0
01/10/2026,06:51:03,VINA DEL MAR,16575553-7/GABRIEL ALEJANDRO ESTAY CARRAZANA,0.0,267,2714449.0,267,2714449.0,121598,HKOOB37845195,0.0
01/10/2026,10:17:35,RANCAGUA,76252773-1/GARATE Y GARATE LIMITADA,0.0,1631,45381772.0,1631,45381772.0,121599,HKOOB37858628,0.0
01/10/2026,10:29:57,LOS ANDES,77970090-9/TRANSPORTES DONA ISIDORA (LABBE),0.0,1593,34912034.0,1593,34912034.0,121600,CHKO385850,0.0
01/10/2026,11:23:06,LA SERENA,82623500-4/IDEAL S.A,0.0,6,232470.0,6,232470.0,nan,CHKO385808,0.0
01/10/2026,11:44:18,MELIPILLA,77970090-9/TRANSPORTES DONA ISIDORA (LABBE),0.0,1721,33213413.0,1721,33213413.0,121601,HKOOB37858623,0.0
01/10/2026,12:53:10,EL PINAR,82623500-4/IDEAL S.A,0.0,650,17314699.0,650,17314699.0,53672,HKOOB37843842,0.0
01/10/2026,13:13:31,LA SERENA,77636200-K/TRANSPORTES SAN GABRIEL LTDA.,0.0,1444,50043780.0,1444,50043780.0,121602,HKOOB37860185,0.0
01/10/2026,15:42:47,PTO MONTT,77970090-9/TRANSPORTES DONA ISIDORA (LABBE),0.0,1718,25220045.0,1602,25220045.0,121603,HKOOB37860234,0.0
01/10/2026,16:25:00,ANTOFAGASTA,76746317-0/TRAILER LOGISTICS SPA,0.0,1959,42999705.0,1959,42999705.0,121604,HKOOB37858888,0.0
01/10/2026,17:25:07,OSORNO,77636200-K/TRANSPORTES SAN GABRIEL LTDA.,0.0,1656,41008360.0,1656,41008360.0,121605,HKOOB37859563,0.0
01/10/2026,17:46:27,IQUIQUE,77636200-K/TRANSPORTES SAN GABRIEL LTDA.,0.0,1843,39544361.0,1843,39544361.0,121606,CHKO385768,0.0
01/10/2026,18:55:19,TEMUCO,77970090-9/TRANSPORTES DONA ISIDORA (LABBE),0.0,1671,35823128.0,1671,35823128.0,121607,HKOOB37858625,0.0
01/10/2026,19:43:34,LOS ANGELES,77636200-K/TRANSPORTES SAN GABRIEL LTDA.,0.0,1587,46639962.0,1587,46639962.0,121609,HKOOB37858627,0.0
01/10/2026,20:10:16,CONCEPCION,77636200-K/TRANSPORTES SAN GABRIEL LTDA.,0.0,1560,31998139.0,1560,31998139.0,121608,HKOOB37866517,0.0
01/10/2026,20:40:33,TALCA,77636200-K/TRANSPORTES SAN GABRIEL LTDA.,0.0,1164,33940316.0,1164,33940316.0,121610,HKOOB37858634,0.0
01/10/2026,21:05:21,PTO MONTT,77636200-K/TRANSPORTES SAN GABRIEL LTDA.,0.0,1837,48029434.0,1837,48029434.0,121611,HKOOB37865770,0.0
01/10/2026,22:04:15,VINA DEL MAR,82623500-4/IDEAL S.A,0.0,902,19740996.0,902,19740996.0,121598,HKOOB37860274,0.0
01/10/2026,22:30:34,LOS ANGELES,77636200-K/TRANSPORTES SAN GABRIEL LTDA.,0.0,1589,20598999.0,1589,20598999.0,121612,HKOOB37859851,0.0
02/10/2026,00:34:57,CHILLAN,77636200-K/TRANSPORTES SAN GABRIEL LTDA.,0.0,1717,31732544.0,1717,31732544.0,121613,HKOOB37858633,0.0
02/10/2026,00:52:09,CONCEPCION,76746317-0/TRAILER LOGISTICS SPA,0.0,1976,26361693.0,1976,26361693.0,121614,HKOOB37838443,0.0
02/10/2026,02:16:12,LO ESPEJO,82623500-4/IDEAL S.A,0.0,1428,22402819.0,1425,22402819.0,53748,HKOOB37859990,0.0
02/10/2026,02:32:46,LA SERENA,76746317-0/TRAILER LOGISTICS SPA,0.0,2084,36870655.0,2084,36870655.0,121615,HKOOB37860184,0.0
02/10/2026,03:11:56,SAN FERNANDO,76252773-1/GARATE Y GARATE LIMITADA,0.0,973,24561902.0,973,24561902.0,121616,HKOOB37858626,0.0
02/10/2026,03:36:35,PTO MONTT,77636200-K/TRANSPORTES SAN GABRIEL LTDA.,0.0,1674,57311545.0,1674,57311545.0,121617,HKOOB37843849,0.0
02/10/2026,03:50:29,EL PINAR,82623500-4/IDEAL S.A,0.0,1075,13708979.0,1075,13708979.0,53756,HKOOB37866381,0.0
02/10/2026,04:11:55,TALCA,77636200-K/TRANSPORTES SAN GABRIEL LTDA.,0.0,1172,43127870.0,1172,43127870.0,121618,HKOOB37858635,0.0
02/10/2026,04:22:44,VINA DEL MAR,82623500-4/IDEAL S.A,0.0,1653,17327332.0,1653,17327332.0,121619,HKOOB37868299,0.0
02/10/2026,05:09:28,LOS ANDES,82623500-4/IDEAL S.A,0.0,703,16130803.0,703,16130803.0,121620,HKOOB37866768,0.0
02/10/2026,05:23:36,RANCAGUA,76252773-1/GARATE Y GARATE LIMITADA,0.0,1683,27047234.0,1683,27047234.0,121621,HKOOB37866772,0.0
02/10/2026,05:41:54,MELIPILLA,82623500-4/IDEAL S.A,0.0,1433,35717261.0,1433,35717261.0,121622,HKOOB37866662,0.0
02/10/2026,06:00:59,EL PINAR,82623500-4/IDEAL S.A,0.0,1118,30378722.0,1118,30378722.0,53768,HKOOB37866382,0.0
02/10/2026,06:21:53,VALDIVIA,77636200-K/TRANSPORTES SAN GABRIEL LTDA.,0.0,1806,41777297.0,1806,41777297.0,121623,HKOOB37866996,0.0
02/10/2026,09:32:30,ARICA,77636200-K/TRANSPORTES SAN GABRIEL LTDA.,0.0,1595,38746809.0,1595,38746809.0,121625,HKOOB37866997,0.0
02/10/2026,09:35:29,CHILLAN,82623500-4/IDEAL S.A,0.0,34,1282344.0,34,1282344.0,nan,CHKO385750,0.0
02/10/2026,09:41:48,VALDIVIA,77636200-K/TRANSPORTES SAN GABRIEL LTDA.,0.0,1330,34353182.0,1330,34353182.0,121624,HKOOB37867000,0.0
02/10/2026,10:11:25,COPIAPO,77636200-K/TRANSPORTES SAN GABRIEL LTDA.,0.0,1655,30916425.0,1655,30916425.0,121626,HKOOB37867159,0.0
02/10/2026,10:49:45,LO ESPEJO,82623500-4/IDEAL S.A,0.0,1560,18895338.0,1560,18895338.0,53806,HKOOB37866531,0.0
02/10/2026,11:27:38,TEMUCO,77970090-9/TRANSPORTES DONA ISIDORA (LABBE),0.0,1809,60822619.0,1809,60822619.0,121627,HKOOB37867156,0.0
02/10/2026,11:46:53,LO ESPEJO,82623500-4/IDEAL S.A,0.0,1238,42636091.0,1238,42636091.0,53811,HKOOB37866532,0.0
02/10/2026,13:25:00,LO ESPEJO,82623500-4/IDEAL S.A,0.0,1200,9564730.0,1200,9564730.0,53824,HKOOB37866533,0.0
02/10/2026,13:34:36,CONCEPCION,77970090-9/TRANSPORTES DONA ISIDORA (LABBE),0.0,1442,39370438.0,1442,39370438.0,121628,HKOOB37866516,0.0
02/10/2026,14:07:58,EL PINAR,82623500-4/IDEAL S.A,0.0,957,28556732.0,957,28556732.0,53828,HKOOB37866383,0.0
02/10/2026,15:29:39,TEMUCO,77636200-K/TRANSPORTES SAN GABRIEL LTDA.,0.0,1556,26394269.0,1556,26394269.0,121629,HKOOB37867155,0.0
02/10/2026,15:55:46,LO ESPEJO,82623500-4/IDEAL S.A,0.0,1321,27094862.0,1321,27094862.0,53836,HKOOB37866534,0.0
02/10/2026,17:38:56,LO ESPEJO,82623500-4/IDEAL S.A,0.0,1028,32169061.0,1028,32169061.0,53842,HKOOB37866535,0.0
02/10/2026,18:51:03,LOS ANGELES,77970090-9/TRANSPORTES DONA ISIDORA (LABBE),0.0,1354,49197072.0,1354,49197072.0,121630,HKOOB37873552,0.0
02/10/2026,19:06:28,CHILLAN,77636200-K/TRANSPORTES SAN GABRIEL LTDA.,0.0,1837,47518839.0,1837,47518839.0,121631,HKOOB37868186,0.0
02/10/2026,19:18:25,COPIAPO,77970090-9/TRANSPORTES DONA ISIDORA (LABBE),0.0,1295,38789567.0,1295,38789567.0,121632,HKOOB37867158,0.0
02/10/2026,19:45:17,TEMUCO,77636200-K/TRANSPORTES SAN GABRIEL LTDA.,0.0,1185,35827897.0,1185,35827897.0,121633,HKOOB37867154,0.0
02/10/2026,20:28:58,TALCA,77636200-K/TRANSPORTES SAN GABRIEL LTDA.,0.0,1577,26261637.0,1577,26261637.0,121634,HKOOB37868181,0.0
02/10/2026,20:44:31,VINA DEL MAR,82623500-4/IDEAL S.A,0.0,1795,45765134.0,1795,45765134.0,121535,HKOOB37868297,0.0
02/10/2026,21:18:43,CONCEPCION,76746317-0/TRAILER LOGISTICS SPA,0.0,1936,62699804.0,1936,62699804.0,121636,HKOOB37873547,0.0
02/10/2026,21:41:18,VINA DEL MAR,16575553-7/GABRIEL ALEJANDRO ESTAY CARRAZANA,0.0,1125,40298305.0,1125,40298305.0,121537,HKOOB37868296,0.0
02/10/2026,21:59:59,TALCA,77636200-K/TRANSPORTES SAN GABRIEL LTDA.,0.0,1095,24886413.0,1097,24886413.0,121538,HKOOB37868182,0.0
02/10/2026,23:25:29,LO ESPEJO,82623500-4/IDEAL S.A,0.0,1495,36053180.0,1495,36053180.0,53880,HKOOB37866537,0.0
02/10/2026,23:58:38,LO ESPEJO,82623500-4/IDEAL S.A,0.0,649,38109600.0,649,38109600.0,53885,HKOOB37866538,0.0
03/10/2026,01:17:21,EL PINAR,82623500-4/IDEAL S.A,0.0,1078,24182309.0,1078,24182309.0,53891,HKOOB37873544,0.0
03/10/2026,01:46:41,TALCA,77636200-K/TRANSPORTES SAN GABRIEL LTDA.,0.0,1645,25590130.0,1645,25590130.0,121639,HKOOB37873533,0.0
03/10/2026,02:15:05,MELIPILLA,77970090-9/TRANSPORTES DONA ISIDORA (LABBE),0.0,1648,43549331.0,1648,43549331.0,121640,HKOOB37873543,0.0
03/10/2026,02:38:34,VINA DEL MAR,82623500-4/IDEAL S.A,0.0,1768,26318607.0,1768,26318607.0,121641,HKOOB37876154,0.0
03/10/2026,02:53:39,LO ESPEJO,82623500-4/IDEAL S.A,0.0,1282,38758837.0,1282,38758837.0,53900,HKOOB37866539,0.0
03/10/2026,03:47:27,LO ESPEJO,82623500-4/IDEAL S.A,0.0,1048,37453058.0,1048,37453058.0,53906,HKOOB37876159,0.0
03/10/2026,04:42:51,RANCAGUA,76252773-1/GARATE Y GARATE LIMITADA,0.0,1472,36509597.0,1472,36509597.0,121642,HKOOB37873550,0.0
03/10/2026,05:01:35,IQUIQUE,77636200-K/TRANSPORTES SAN GABRIEL LTDA.,0.0,1825,29057707.0,1825,29057707.0,121643,HKOOB37876170,0.0
03/10/2026,05:15:06,PTO MONTT,77636200-K/TRANSPORTES SAN GABRIEL LTDA.,0.0,1693,41231429.0,1693,41231429.0,121644,HKOOB37873537,0.0
03/10/2026,06:28:34,LO ESPEJO,82623500-4/IDEAL S.A,0.0,1677,14933095.0,1677,14933095.0,DISTRIBUCION,HKOOB37876160,0.0
03/10/2026,08:00:28,LOS ANDES,82623500-4/IDEAL S.A,0.0,1352,33147700.0,1352,33147700.0,121645,HKOOB37878247,0.0
03/10/2026,10:04:30,LO ESPEJO,82623500-4/IDEAL S.A,0.0,1556,8670686.0,1556,8670686.0,53942,HKOOB37876161,0.0
03/10/2026,10:14:57,VINA DEL MAR,82623500-4/IDEAL S.A,0.0,1463,31046036.0,1463,31046036.0,121646,HKOOB37876155,0.0
03/10/2026,10:25:34,LO ESPEJO,82623500-4/IDEAL S.A,0.0,1579,52635948.0,1579,52635948.0,53944,HKOOB37876162,0.0
03/10/2026,11:15:19,TEMUCO,77636200-K/TRANSPORTES SAN GABRIEL LTDA.,0.0,1504,43995381.0,1504,43995381.0,121648,HKOOB37873541,0.0
03/10/2026,11:37:07,CHILLAN,77636200-K/TRANSPORTES SAN GABRIEL LTDA.,0.0,1334,39908016.0,1334,39908016.0,121647,HKOOB37873549,0.0
03/10/2026,13:49:24,LA SERENA,76746317-0/TRAILER LOGISTICS SPA,0.0,1857,49995730.0,1857,49995730.0,121649,HKOOB37873535,0.0
03/10/2026,14:12:08,LO ESPEJO,82623500-4/IDEAL S.A,0.0,1221,19964127.0,1221,19964127.0,53962,HKOOB37876163,0.0
03/10/2026,15:09:49,RANCAGUA,76252773-1/GARATE Y GARATE LIMITADA,0.0,1598,44918578.0,1598,44918578.0,121651,HKOOB37878590,0.0
03/10/2026,16:17:33,TEMUCO,77636200-K/TRANSPORTES SAN GABRIEL LTDA.,0.0,1314,23533992.0,1314,23533992.0,121652,HKOOB37873540,0.0
03/10/2026,16:28:38,LO ESPEJO,82623500-4/IDEAL S.A,0.0,1315,31915557.0,1319,31915557.0,53974,HKOOB37876164,0.0
03/10/2026,16:47:30,LO ESPEJO,82623500-4/IDEAL S.A,0.0,1387,15937491.0,1387,15937491.0,53975,HKOOB37876165,0.0
03/10/2026,17:59:07,TALCA,77636200-K/TRANSPORTES SAN GABRIEL LTDA.,0.0,1384,45148760.0,1384,45148760.0,121653,HKOOB37873534,0.0
03/10/2026,18:19:28,SAN FERNANDO,76252773-1/GARATE Y GARATE LIMITADA,0.0,1534,38787060.0,1534,38787060.0,121654,HKOOB37878589,0.0
03/10/2026,19:39:06,ANTOFAGASTA / IQUIQUE,77970090-9/TRANSPORTES DONA ISIDORA (LABBE),0.0,1372,47738597.0,1419,47738597.0,121655,CHKO385770 / CHKO385892,0.0
03/10/2026,19:58:57,CHILLAN,77636200-K/TRANSPORTES SAN GABRIEL LTDA.,0.0,1403,23486392.0,1403,23486392.0,121656,HKOOB37873548,0.0
03/10/2026,20:22:51,LOS ANGELES,77636200-K/TRANSPORTES SAN GABRIEL LTDA.,0.0,1677,38762873.0,1677,38762873.0,121657,HKOOB37873551,0.0
03/10/2026,21:04:07,MELIPILLA,82623500-4/IDEAL S.A,0.0,1705,38546735.0,1705,38546735.0,121658,HKOOB37878594,0.0
03/10/2026,21:35:27,VINA DEL MAR,82623500-4/IDEAL S.A,0.0,1642,62131633.0,1642,62131633.0,121659,HKOOB37881172,0.0
04/10/2026,00:43:06,RANCAGUA,76252773-1/GARATE Y GARATE LIMITADA,0.0,1564,25904728.0,1564,25904728.0,121660,HKOOB37878591,0.0
04/10/2026,01:50:39,CONCEPCION,77636200-K/TRANSPORTES SAN GABRIEL LTDA.,0.0,1535,15371796.0,1535,15371796.0,121661,HKOOB37881337,0.0
04/10/2026,03:09:29,OSORNO,77636200-K/TRANSPORTES SAN GABRIEL LTDA.,0.0,1545,48658736.0,1545,48658736.0,121662,HKOOB37878598,0.0
04/10/2026,05:20:52,ANTOFAGASTA,77636200-K/TRANSPORTES SAN GABRIEL LTDA.,0.0,1589,55635149.0,1589,55635149.0,121663,HKOOB37878592,0.0
04/10/2026,05:44:56,MELIPILLA,82623500-4/IDEAL S.A,0.0,1169,28529096.0,1169,28529096.0,121664,HKOOB37878595,0.0
04/10/2026,07:57:00,LOS ANDES,16575553-7/GABRIEL ALEJANDRO ESTAY CARRAZANA,0.0,696,15181355.0,696,15181355.0,121665,HKOOB37878584,0.0
04/10/2026,10:30:45,VINA DEL MAR,82623500-4/IDEAL S.A,0.0,1788,33660391.0,1788,33660391.0,121666,HKOOB37884888,0.0
04/10/2026,11:33:31,CONCEPCION,76746317-0/TRAILER LOGISTICS SPA,0.0,2049,67256134.0,2049,67256134.0,121667,HKOOB37873546,0.0
05/10/2026,08:56:17,COPIAPO,77970090-9/TRANSPORTES DONA ISIDORA (LABBE),0.0,1773,47215609.0,1773,47215609.0,121668,HKOOB37878572,0.0
05/10/2026,09:34:31,ANTOFAGASTA,77636200-K/TRANSPORTES SAN GABRIEL LTDA.,0.0,1699,33078395.0,1699,33078395.0,121669,HKOOB37878593,0.0
05/10/2026,10:16:11,PTO MONTT,77636200-K/TRANSPORTES SAN GABRIEL LTDA.,0.0,1505,36618993.0,1505,36618993.0,121670,HKOOB37878576,0.0
05/10/2026,10:30:30,VALDIVIA,77636200-K/TRANSPORTES SAN GABRIEL LTDA.,0.0,1564,33998916.0,1564,33998916.0,121671,HKOOB37878574,0.0
05/10/2026,11:58:11,LO ESPEJO,82623500-4/IDEAL S.A,0.0,1110,11014415.0,1110,11014415.0,54062,HKOOB37884890,0.0
05/10/2026,12:20:43,ARICA,77636200-K/TRANSPORTES SAN GABRIEL LTDA.,0.0,1318,40516667.0,1318,40516667.0,121672,HKOOB37878596,0.0
05/10/2026,12:56:11,OSORNO,77636200-K/TRANSPORTES SAN GABRIEL LTDA.,0.0,1866,47652096.0,1866,47652096.0,121673,HKOOB37878573,0.0
05/10/2026,13:37:44,VINA DEL MAR,82623500-4/IDEAL S.A,0.0,930,31136126.0,930,31136126.0,121674,HKOOB37884889,0.0
05/10/2026,14:04:42,PTO MONTT,77636200-K/TRANSPORTES SAN GABRIEL LTDA.,0.0,1752,41793572.0,1752,41793572.0,121675,HKOOB37878575,0.0
05/10/2026,14:18:45,TALCA,77970090-9/TRANSPORTES DONA ISIDORA (LABBE),0.0,1701,37970745.0,1701,37970745.0,121676,HKOOB37878577,0.0
05/10/2026,14:31:33,LA SERENA,77970090-9/TRANSPORTES DONA ISIDORA (LABBE),0.0,1174,28490027.0,1174,28490027.0,121677,HKOOB37878571,0.0
05/10/2026,17:37:54,LO ESPEJO,82623500-4/IDEAL S.A,0.0,1502,17010143.0,1502,17010143.0,54095,HKOOB37884891,0.0
05/10/2026,18:13:22,LO ESPEJO,82623500-4/IDEAL S.A,0.0,1320,13932228.0,1320,13932228.0,54098,HKOOB37884892,0.0
05/10/2026,18:25:52,ANTOFAGASTA,76746317-0/TRAILER LOGISTICS SPA,0.0,1752,58283476.0,1752,58283476.0,121678,HKOOB37873539,0.0
05/10/2026,19:47:31,LOS ANGELES,77636200-K/TRANSPORTES SAN GABRIEL LTDA.,0.0,1851,40989829.0,1851,40989829.0,121679,HKOOB37878586,0.0
05/10/2026,20:20:51,LA SERENA,77970090-9/TRANSPORTES DONA ISIDORA (LABBE),0.0,1746,42602164.0,1746,42602164.0,121680,HKOOB37878570,0.0
05/10/2026,21:33:54,CHILLAN,77636200-K/TRANSPORTES SAN GABRIEL LTDA.,0.0,1666,41973425.0,1666,41973425.0,121681,HKOOB37878580,0.0
05/10/2026,21:51:09,TEMUCO,77636200-K/TRANSPORTES SAN GABRIEL LTDA.,0.0,1762,47283403.0,1762,47283403.0,121682,HKOOB37878587,0.0
05/10/2026,22:06:46,TALCA,77636200-K/TRANSPORTES SAN GABRIEL LTDA.,0.0,1624,36369219.0,1624,36369219.0,121683,HKOOB37878578,0.0
05/10/2026,23:25:37,SAN FERNANDO,76252773-1/GARATE Y GARATE LIMITADA,0.0,1147,31562618.0,1147,31562618.0,121685,HKOOB37873553,0.0
05/10/2026,23:40:39,TEMUCO,77970090-9/TRANSPORTES DONA ISIDORA (LABBE),0.0,1537,43323603.0,1537,43323603.0,121684,HKOOB37878588,0.0
06/10/2026,00:06:00,LO ESPEJO,82623500-4/IDEAL S.A,0.0,1232,52177476.0,1232,52177476.0,54128,HKOOB37884893,0.0
06/10/2026,01:01:37,CONCEPCION,76746317-0/TRAILER LOGISTICS SPA,0.0,1958,52500751.0,1958,52500751.0,121686,HKOOB37881335,0.0
06/10/2026,01:29:56,LA SERENA,76746317-0/TRAILER LOGISTICS SPA,0.0,1730,55536553.0,1730,55536553.0,121687,HKOOB37878569,0.0
06/10/2026,01:44:26,EL PINAR,82623500-4/IDEAL S.A,0.0,1226,31794292.0,1226,31794292.0,54132,HKOOB37878582,0.0
06/10/2026,02:02:14,LO ESPEJO,82623500-4/IDEAL S.A,0.0,1444,40399772.0,1444,40399772.0,54133,HKOOB37884894,0.0
06/10/2026,03:19:31,LO ESPEJO,82623500-4/IDEAL S.A,0.0,1242,24613813.0,1242,24613813.0,54146,HKOOB37884895,0.0
06/10/2026,04:09:15,RANCAGUA,76252773-1/GARATE Y GARATE LIMITADA,0.0,1681,34700333.0,1681,34700333.0,121689,CHKO386007,0.0
06/10/2026,04:20:20,PTO MONTT,77636200-K/TRANSPORTES SAN GABRIEL LTDA.,0.0,1841,53667199.0,1841,53667199.0,121688,HKOOB37891417,0.0
06/10/2026,04:37:37,LOS ANDES,77970090-9/TRANSPORTES DONA ISIDORA (LABBE),0.0,1496,38595735.0,1496,38595735.0,121691,HKOOB37892024,0.0
06/10/2026,05:20:56,VINA DEL MAR,16575553-7/GABRIEL ALEJANDRO ESTAY CARRAZANA,0.0,1629,11886646.0,1629,11886646.0,121692,HKOOB37892032,0.0
06/10/2026,05:55:24,EL PINAR,82623500-4/IDEAL S.A,0.0,1549,23532160.0,1549,23532160.0,54160,HKOOB37878583,0.0
06/10/2026,06:23:45,IQUIQUE,77636200-K/TRANSPORTES SAN GABRIEL LTDA.,0.0,1739,61084101.0,1739,61084101.0,121690,HKOOB37892049,0.0
06/10/2026,08:42:17,ANTOFAGASTA,77636200-K/TRANSPORTES SAN GABRIEL LTDA.,0.0,1761,26430255.0,1761,26430255.0,121693,HKOOB37892047,0.0
06/10/2026,09:49:06,LO ESPEJO,82623500-4/IDEAL S.A,0.0,1536,17776772.0,1536,17776772.0,54192,HKOOB37892037,0.0
06/10/2026,10:07:40,LA SERENA,77636200-K/TRANSPORTES SAN GABRIEL LTDA.,0.0,1616,23284824.0,1616,23284824.0,121694,HKOOB37891409,0.0
06/10/2026,10:33:38,TALCA,77636200-K/TRANSPORTES SAN GABRIEL LTDA.,0.0,1667,26066642.0,1667,26066642.0,121695,HKOOB37891410,0.0
06/10/2026,11:30:19,LO ESPEJO,82623500-4/IDEAL S.A,0.0,1324,17061747.0,1324,17061747.0,54204,HKOOB37892038,0.0
06/10/2026,12:15:12,LO ESPEJO,82623500-4/IDEAL S.A,0.0,1098,18537076.0,1098,18537076.0,54215,HKOOB37892039,0.0
06/10/2026,12:58:19,IQUIQUE,77970090-9/TRANSPORTES DONA ISIDORA (LABBE),0.0,1716,43999224.0,1716,43999224.0,121697,HKOOB37892050,0.0
06/10/2026,14:37:42,ANTOFAGASTA,77970090-9/TRANSPORTES DONA ISIDORA (LABBE),0.0,2043,67607148.0,2043,67607148.0,121699,HKOOB37892048,0.0
06/10/2026,15:52:13,LOS ANGELES,77970090-9/TRANSPORTES DONA ISIDORA (LABBE),0.0,1720,40482598.0,1720,40482598.0,121700,HKOOB37891408,0.0
06/10/2026,17:27:52,LO ESPEJO,82623500-4/IDEAL S.A,0.0,1158,5173521.0,1158,5173521.0,54243,HKOOB37892040,0.0
06/10/2026,19:07:27,CHILLAN,77636200-K/TRANSPORTES SAN GABRIEL LTDA.,0.0,1466,30287561.0,1466,30287561.0,121703,HKOOB37891421,0.0
06/10/2026,19:23:21,TEMUCO,77636200-K/TRANSPORTES SAN GABRIEL LTDA.,0.0,1719,30271735.0,1719,30271735.0,121704,HKOOB37891420,0.0
06/10/2026,20:18:11,SAN FERNANDO,76252773-1/GARATE Y GARATE LIMITADA,0.0,983,21859749.0,983,21859749.0,121705,HKOOB37892227,0.0
06/10/2026,20:37:23,VINA DEL MAR,16575553-7/GABRIEL ALEJANDRO ESTAY CARRAZANA,0.0,1819,55331567.0,1819,55331567.0,121707,HKOOB37892033,0.0
06/10/2026,21:22:43,CONCEPCION,76746317-0/TRAILER LOGISTICS SPA,0.0,1943,56117380.0,1943,56117380.0,121708,HKOOB37891412,0.0
06/10/2026,22:10:33,ANTOFAGASTA,77970090-9/TRANSPORTES DONA ISIDORA (LABBE),0.0,1282,45036003.0,1282,45036003.0,121709,HKOOB37897600,0.0
06/10/2026,22:31:58,VINA DEL MAR,16575553-7/GABRIEL ALEJANDRO ESTAY CARRAZANA,0.0,1670,32892841.0,1670,32892841.0,121710,HKOOB37892034,0.0
06/10/2026,23:51:05,LA SERENA,76746317-0/TRAILER LOGISTICS SPA,0.0,1847,54351531.0,1847,54351531.0,121711,HKOOB37891415,0.0
07/10/2026,00:03:56,EL PINAR,82623500-4/IDEAL S.A,0.0,1193,29681194.0,1193,29681194.0,54281,HKOOB37899005,0.0
07/10/2026,00:26:09,TALCA,77636200-K/TRANSPORTES SAN GABRIEL LTDA.,0.0,1634,27431436.0,1634,27431436.0,121712,HKOOB37891411,0.0
07/10/2026,00:56:50,LO ESPEJO,82623500-4/IDEAL S.A,0.0,1420,29844048.0,1420,29844048.0,54286,HKOOB37892041,0.0
07/10/2026,01:29:33,LO ESPEJO,82623500-4/IDEAL S.A,0.0,1670,47266892.0,1670,47266892.0,54287,HKOOB37892042,0.0
07/10/2026,02:05:56,LO ESPEJO,82623500-4/IDEAL S.A,0.0,1102,28414195.0,1102,28414195.0,54293,HKOOB37892043,0.0
07/10/2026,02:15:45,EL PINAR,82623500-4/IDEAL S.A,0.0,1264,23255390.0,1264,23255390.0,54294,HKOOB37899006,0.0
07/10/2026,03:03:31,VINA DEL MAR,82623500-4/IDEAL S.A,0.0,1818,45786799.0,1818,45786799.0,121713,HKOOB37892036,0.0
07/10/2026,05:03:15,LO ESPEJO,82623500-4/IDEAL S.A,0.0,1315,57235074.0,1315,57235074.0,54310,HKOOB37892044,0.0
07/10/2026,05:16:55,LO ESPEJO,82623500-4/IDEAL S.A,0.0,1471,52400473.0,1471,52400473.0,54312,HKOOB37892045,0.0
07/10/2026,05:24:43,RANCAGUA,16575553-7/GABRIEL ALEJANDRO ESTAY CARRAZANA,0.0,1680,40824766.0,1680,40824766.0,121714,HKOOB37898908,0.0
07/10/2026,05:57:28,RANCAGUA,76252773-1/GARATE Y GARATE LIMITADA,0.0,1582,39239366.0,1582,39239366.0,121715,HKOOB37898907,0.0
07/10/2026,06:22:20,LOS ANDES,82623500-4/IDEAL S.A,0.0,566,12278299.0,566,12278299.0,121716,HKOOB37898935,0.0
07/10/2026,06:48:33,EL PINAR,82623500-4/IDEAL S.A,0.0,1434,55109564.0,1434,55109564.0,54322,HKOOB37899007,0.0
07/10/2026,06:56:40,MELIPILLA,77970090-9/TRANSPORTES DONA ISIDORA (LABBE),0.0,1905,47359361.0,1916,47359361.0,121717,HKOOB37898933,0.0
07/10/2026,09:29:05,VINA DEL MAR,16575553-7/GABRIEL ALEJANDRO ESTAY CARRAZANA,0.0,1484,31542267.0,1509,31542267.0,121718,HKOOB37892035,0.0
07/10/2026,10:20:13,PTO MONTT,77970090-9/TRANSPORTES DONA ISIDORA (LABBE),0.0,1665,27462653.0,1665,27462653.0,121719,CHKO386019 / HKOOB37898927,0.0
07/10/2026,11:21:43,CONCEPCION,77970090-9/TRANSPORTES DONA ISIDORA (LABBE),0.0,1562,14751418.0,1562,14751418.0,121720,HKOOB37898914,0.0
07/10/2026,11:54:00,VALDIVIA,77636200-K/TRANSPORTES SAN GABRIEL LTDA.,0.0,1733,42775976.0,1733,42775976.0,121721,HKOOB37898921,0.0
07/10/2026,12:17:52,CONCEPCION,77970090-9/TRANSPORTES DONA ISIDORA (LABBE),0.0,1536,27842324.0,1536,27842324.0,121722,HKOOB37898915,0.0
07/10/2026,12:48:33,TALCA,77970090-9/TRANSPORTES DONA ISIDORA (LABBE),0.0,1552,40087864.0,1552,40087864.0,121723,HKOOB37898923,0.0
07/10/2026,13:13:57,OSORNO,77636200-K/TRANSPORTES SAN GABRIEL LTDA.,0.0,1736,49191911.0,1736,49191911.0,121724,HKOOB37898911,0.0
07/10/2026,13:36:18,VALDIVIA,77970090-9/TRANSPORTES DONA ISIDORA (LABBE),0.0,1612,41876212.0,1612,41876212.0,121725,HKOOB37898906,0.0
07/10/2026,13:59:33,TEMUCO,77636200-K/TRANSPORTES SAN GABRIEL LTDA.,0.0,1659,52915213.0,1659,52915213.0,121726,HKOOB37898929,0.0
07/10/2026,15:13:33,LO ESPEJO,82623500-4/IDEAL S.A,0.0,1515,18899977.0,1515,18899977.0,50376,HKOOB37899014,0.0
07/10/2026,15:48:09,PTO MONTT,77636200-K/TRANSPORTES SAN GABRIEL LTDA.,0.0,1443,39587804.0,1443,39587804.0,121727,HKOOB37898928,0.0
07/10/2026,16:42:18,ANTOFAGASTA,77636200-K/TRANSPORTES SAN GABRIEL LTDA.,0.0,1806,40822275.0,1806,40822275.0,121728,HKOOB37899024,0.0
07/10/2026,18:03:30,LO ESPEJO,82623500-4/IDEAL S.A,0.0,1215,11759506.0,1215,11759506.0,54393,HKOOB37899015,0.0
07/10/2026,18:51:14,COPIAPO,77636200-K/TRANSPORTES SAN GABRIEL LTDA.,0.0,1620,43910309.0,1620,43910309.0,121729,HKOOB37898932,0.0
07/10/2026,19:08:54,COPIAPO,77636200-K/TRANSPORTES SAN GABRIEL LTDA.,0.0,1685,35938710.0,1685,35938710.0,121730,HKOOB37898918,0.0
07/10/2026,19:46:00,ANTOFAGASTA,77970090-9/TRANSPORTES DONA ISIDORA (LABBE),0.0,1735,29728328.0,1735,29728328.0,121731,HKOOB37899025,0.0
07/10/2026,20:15:25,TEMUCO,77636200-K/TRANSPORTES SAN GABRIEL LTDA.,0.0,1496,17325558.0,1496,17325558.0,121732,HKOOB37898930,0.0
07/10/2026,20:47:55,SAN FERNANDO,76252773-1/GARATE Y GARATE LIMITADA,0.0,580,15532226.0,580,15532226.0,121733,HKOOB37898910,0.0
07/10/2026,21:20:16,LOS ANGELES,77636200-K/TRANSPORTES SAN GABRIEL LTDA.,0.0,1702,38559325.0,1702,38559325.0,121734,HKOOB37898925,0.0
07/10/2026,21:41:05,LO ESPEJO,82623500-4/IDEAL S.A,0.0,1219,33238546.0,1219,33238546.0,54416,HKOOB37899016,0.0
07/10/2026,21:52:49,VINA DEL MAR,16575553-7/GABRIEL ALEJANDRO ESTAY CARRAZANA,0.0,1690,10042289.0,1690,10042289.0,121735,HKOOB37903360,0.0
07/10/2026,22:17:38,CONCEPCION,76746317-0/TRAILER LOGISTICS SPA,0.0,1964,55475723.0,1964,55475723.0,121736,HKOOB37898916,0.0
07/10/2026,22:46:06,CHILLAN,77636200-K/TRANSPORTES SAN GABRIEL LTDA.,0.0,1692,39122386.0,1622,39122386.0,121737,HKOOB37898937,0.0
07/10/2026,23:30:07,LA SERENA,76746317-0/TRAILER LOGISTICS SPA,0.0,2013,51751486.0,2013,51751486.0,121738,HKOOB37898919,0.0
08/10/2026,00:00:35,CONCEPCION,77636200-K/TRANSPORTES SAN GABRIEL LTDA.,0.0,1553,63224770.0,1553,63224770.0,121739,HKOOB37898917,0.0
08/10/2026,00:27:30,LO ESPEJO,82623500-4/IDEAL S.A,0.0,1542,23594128.0,1542,23594128.0,54433,HKOOB37899017,0.0
08/10/2026,00:33:25,CHILLAN,77636200-K/TRANSPORTES SAN GABRIEL LTDA.,0.0,923,15434817.0,923,15434817.0,121740,HKOOB37898936,0.0
08/10/2026,01:07:54,TALCA,77636200-K/TRANSPORTES SAN GABRIEL LTDA.,0.0,1664,38009955.0,1664,38009955.0,121741,HKOOB37898922,0.0
08/10/2026,01:38:21,LO ESPEJO,82623500-4/IDEAL S.A,0.0,1197,9215950.0,1197,9215950.0,54442,HKOOB37899018,0.0
08/10/2026,02:30:43,VINA DEL MAR,16575553-7/GABRIEL ALEJANDRO ESTAY CARRAZANA,0.0,1646,28826102.0,1646,28826102.0,121743,HKOOB37903362,0.0
08/10/2026,02:39:42,TALCA,77636200-K/TRANSPORTES SAN GABRIEL LTDA.,0.0,1405,21077486.0,1405,21077486.0,121742,HKOOB37898924,0.0
08/10/2026,02:53:05,LO ESPEJO,82623500-4/IDEAL S.A,0.0,1428,11620828.0,1552,11620828.0,54449,HKOOB37899019,0.0
08/10/2026,03:20:49,EL PINAR,82623500-4/IDEAL S.A,0.0,1247,6927659.0,1247,6927659.0,54450,HKOOB37902287,0.0
08/10/2026,03:39:54,LO ESPEJO,82623500-4/IDEAL S.A,0.0,1108,9595966.0,1108,9595966.0,54451,HKOOB37899020,0.0
08/10/2026,03:47:36,LO ESPEJO,82623500-4/IDEAL S.A,0.0,1402,45492026.0,1402,45492026.0,54453,HKOOB37899021,0.0
08/10/2026,04:37:25,VINA DEL MAR,82623500-4/IDEAL S.A,0.0,1682,17060612.0,1682,17060612.0,121744,HKOOB37903361,0.0
08/10/2026,04:48:41,LO ESPEJO,82623500-4/IDEAL S.A,0.0,1306,26908819.0,1306,26908819.0,54458,HKOOB37899022,0.0
