Desde,Hasta,Estado,LPNs Env,Bult. Env,Hora de salida
P. Ideal,CEDIS,Verificada,23,900,2025-08-25 08:25:27
P. Ideal,CEDIS,Verificada,22,1103,2025-08-25 08:54:53
P. Ideal,CEDIS,Verificada,22,1212,2025-08-25 08:55:22
P. Ideal,CEDIS,Verificada,24,600,2025-08-25 09:24:32
P. Ideal,CEDIS,Verificada,24,620,2025-08-25 10:33:39
P. Ideal,CEDIS,Verificada,22,1188,2025-08-25 10:33:40
P. Ideal,CEDIS,Verificada,22,996,2025-08-25 10:33:40
P. Ideal,CEDIS,Verificada,22,945,2025-08-25 11:10:52
P. Ideal,CEDIS,Verificada,22,1068,2025-08-25 11:33:38
P. Ideal,CEDIS,Verificada,22,1208,2025-08-25 12:11:16
P. Ideal,CEDIS,Verificada,22,1415,2025-08-25 12:37:42
P. Ideal,CEDIS,Verificada,22,1116,2025-08-25 13:18:29
P. Ideal,CEDIS,Verificada,22,2040,2025-08-25 13:19:16
P. Ideal,CEDIS,Verificada,22,1069,2025-08-25 13:50:54
P. Ideal,CEDIS,Verificada,22,1480,2025-08-25 13:56:27
P. Ideal,CEDIS,Verificada,22,1237,2025-08-25 15:33:39
P. Ideal,CEDIS,Verificada,22,1162,2025-08-25 16:33:38
P. Ideal,CEDIS,Verificada,22,1840,2025-08-25 16:33:39
P. Chillán,CEDIS,Verificada,25,1624,2025-08-25 17:33:42
P. Ideal,CEDIS,Verificada,22,1454,2025-08-25 17:33:42
P. Ideal,CEDIS,Verificada,22,1231,2025-08-25 18:33:39
P. Ideal,CEDIS,Verificada,22,1206,2025-08-25 18:33:40
P. Chillán,CEDIS,Verificada,24,1568,2025-08-25 18:33:41
P. Ideal,CEDIS,Verificada,22,1296,2025-08-25 19:33:39
P. Ideal,CEDIS,Verificada,22,1034,2025-08-25 19:33:39
P. Ideal,CEDIS,Verificada,22,1308,2025-08-25 20:33:38
P. Ideal,CEDIS,Verificada,22,1236,2025-08-25 20:33:39
P. Ideal,CEDIS,Verificada,22,1131,2025-08-25 20:55:24
P. Ideal,CEDIS,Verificada,24,1235,2025-08-25 21:33:39
P. Chillán,CEDIS,Verificada,21,1260,2025-08-25 21:51:03
NB,CEDIS,Verificada,30,2173,2025-08-25 21:51:04
P. Ideal,CEDIS,Verificada,22,1280,2025-08-25 21:51:04
P. Ideal,CEDIS,Verificada,22,1184,2025-08-25 23:22:13
P. Ideal,CEDIS,Verificada,22,1277,2025-08-26 00:27:13
NB,CEDIS,Verificada,30,1880,2025-08-26 01:33:40
P. Ideal,CEDIS,Verificada,22,1458,2025-08-26 01:33:41
P. Ideal,CEDIS,Verificada,22,1920,2025-08-26 01:33:42
P. Ideal,CEDIS,Verificada,22,1403,2025-08-26 02:33:40
P. Ideal,CEDIS,Verificada,22,1244,2025-08-26 02:33:41
P. Ideal,CEDIS,Verificada,22,1300,2025-08-26 02:33:42
P. Ideal,CEDIS,Verificada,22,1526,2025-08-26 03:33:40
P. Chillán,CEDIS,Verificada,26,1570,2025-08-26 04:33:41
P. Ideal,CEDIS,Verificada,22,1236,2025-08-26 05:33:43
P. Ideal,CEDIS,Verificada,22,1204,2025-08-26 06:33:41
P. Ideal,CEDIS,Verificada,22,1245,2025-08-26 06:33:41
NB,CEDIS,Verificada,30,1990,2025-08-26 07:12:36
Barcel,CEDIS,Verificada,24,1360,2025-08-26 07:36:34
P. Ideal,CEDIS,Verificada,22,1764,2025-08-26 08:35:46
P. Ideal,CEDIS,Verificada,2,100,2025-08-26 08:36:03
P. Ideal,CEDIS,Verificada,22,1324,2025-08-26 09:12:42
P. Chillán,CEDIS,Verificada,24,1464,2025-08-26 09:33:40
P. Ideal,CEDIS,Verificada,22,1294,2025-08-26 10:03:07
P. Ideal,CEDIS,Verificada,22,1396,2025-08-26 10:42:55
P. Ideal,CEDIS,Verificada,23,1204,2025-08-26 11:33:41
P. Ideal,CEDIS,Verificada,22,1215,2025-08-26 11:34:09
P. Ideal,CEDIS,Verificada,22,1176,2025-08-26 12:12:14
P. Ideal,CEDIS,Verificada,22,1316,2025-08-26 12:12:33
P. Ideal,CEDIS,Verificada,22,1249,2025-08-26 13:17:09
P. Ideal,CEDIS,Verificada,22,1174,2025-08-26 13:33:41
P. Ideal,CEDIS,Verificada,22,1360,2025-08-26 13:47:52
P. Chillán,CEDIS,Verificada,18,1157,2025-08-26 15:33:40
P. Ideal,CEDIS,Verificada,22,1320,2025-08-26 15:33:41
P. Ideal,CEDIS,Verificada,22,1259,2025-08-26 16:33:41
P. Ideal,CEDIS,Verificada,22,1268,2025-08-26 16:33:41
P. Ideal,CEDIS,Verificada,22,1316,2025-08-26 17:33:41
P. Ideal,CEDIS,Verificada,22,1393,2025-08-26 19:33:46
P. Ideal,CEDIS,Verificada,22,1272,2025-08-26 19:33:47
SNH,CEDIS,Verificada,8,1000,2025-08-26 20:16:59
P. Ideal,CEDIS,Verificada,22,1308,2025-08-26 20:17:20
P. Ideal,CEDIS,Verificada,23,1096,2025-08-26 20:17:21
P. Ideal,CEDIS,Verificada,22,1230,2025-08-26 20:17:22
P. Ideal,CEDIS,Verificada,22,1285,2025-08-26 22:33:52
P. Ideal,CEDIS,Verificada,24,1147,2025-08-26 22:43:33
P. Ideal,CEDIS,Verificada,22,1272,2025-08-26 23:33:52
NB,CEDIS,Verificada,27,2010,2025-08-26 23:33:54
NB,CEDIS,Verificada,26,1620,2025-08-26 23:33:55
P. Ideal,CEDIS,Verificada,22,1226,2025-08-27 00:33:59
P. Ideal,CEDIS,Verificada,22,1316,2025-08-27 00:34:00
P. Ideal,CEDIS,Verificada,22,1281,2025-08-27 01:33:51
P. Ideal,CEDIS,Verificada,22,1280,2025-08-27 01:33:52
P. Ideal,CEDIS,Verificada,22,1545,2025-08-27 01:46:17
P. Ideal,CEDIS,Verificada,22,1159,2025-08-27 02:10:50
P. Ideal,CEDIS,Verificada,22,1408,2025-08-27 02:33:51
P. Ideal,CEDIS,Verificada,23,1203,2025-08-27 02:59:40
P. Ideal,CEDIS,Verificada,22,1212,2025-08-27 03:54:01
P. Ideal,CEDIS,Verificada,22,1112,2025-08-27 04:33:51
P. Ideal,CEDIS,Verificada,22,1332,2025-08-27 04:33:52
P. Ideal,CEDIS,Verificada,22,1646,2025-08-27 05:05:31
NB,CEDIS,Verificada,30,1956,2025-08-27 05:27:29
P. Ideal,CEDIS,Verificada,22,1252,2025-08-27 05:31:42
P. Ideal,CEDIS,Verificada,22,1281,2025-08-27 06:18:32
Barcel,CEDIS,Verificada,25,1592,2025-08-27 07:21:45
NB,CEDIS,Verificada,24,1770,2025-08-27 07:24:40
P. Ideal,CEDIS,Verificada,22,1274,2025-08-27 08:33:53
P. Ideal,CEDIS,Verificada,22,1255,2025-08-27 09:25:34
P. Ideal,CEDIS,Verificada,22,1248,2025-08-27 09:25:50
P. Ideal,CEDIS,Verificada,22,1270,2025-08-27 10:23:22
P. Ideal,CEDIS,Verificada,22,1320,2025-08-27 11:20:04
P. Ideal,CEDIS,Verificada,24,1409,2025-08-27 12:33:54
P. Ideal,CEDIS,Verificada,22,1316,2025-08-27 13:04:04
P. Ideal,CEDIS,Verificada,22,1296,2025-08-27 14:33:54
P. Ideal,CEDIS,Verificada,20,1200,2025-08-27 14:34:46
P. Ideal,CEDIS,Verificada,22,1304,2025-08-27 15:33:54
P. Ideal,CEDIS,Verificada,22,1300,2025-08-27 16:33:54
P. Ideal,CEDIS,Verificada,22,1300,2025-08-27 16:33:55
P. Ideal,CEDIS,Verificada,21,1227,2025-08-27 17:33:54
P. Ideal,CEDIS,Verificada,22,1258,2025-08-27 17:33:55
P. Ideal,CEDIS,Verificada,22,1498,2025-08-27 18:53:23
P. Ideal,CEDIS,Verificada,22,1396,2025-08-27 19:34:03
P. Ideal,CEDIS,Verificada,22,1314,2025-08-27 19:34:04
P. Ideal,CEDIS,Verificada,22,1171,2025-08-27 20:33:54
P. Ideal,CEDIS,Verificada,22,1187,2025-08-27 20:33:55
SNH,CEDIS,Verificada,8,1000,2025-08-27 21:08:58
P. Ideal,CEDIS,Verificada,22,1207,2025-08-27 22:23:49
P. Ideal,CEDIS,Verificada,22,1300,2025-08-27 23:13:58
P. Ideal,CEDIS,Verificada,22,1304,2025-08-27 23:19:43
P. Ideal,CEDIS,Verificada,22,1228,2025-08-27 23:57:22
P. Ideal,CEDIS,Verificada,22,1348,2025-08-28 01:34:02
P. Ideal,CEDIS,Verificada,22,1192,2025-08-28 01:34:03
P. Ideal,CEDIS,Verificada,22,1224,2025-08-28 01:55:13
P. Ideal,CEDIS,Verificada,20,1635,2025-08-28 04:24:00
P. Ideal,CEDIS,Verificada,20,1016,2025-08-28 05:34:08
NB,CEDIS,Verificada,30,2247,2025-08-28 06:34:08
P. Ideal,CEDIS,Verificada,20,1107,2025-08-28 06:34:08
Barcel,CEDIS,Verificada,24,1344,2025-08-28 07:14:06
P. Ideal,CEDIS,Verificada,26,650,2025-08-28 07:16:44
Barcel,CEDIS,Verificada,28,1568,2025-08-28 07:25:28
P. Ideal,CEDIS,Verificada,20,1196,2025-08-28 07:34:07
P. Ideal,CEDIS,Verificada,22,550,2025-08-28 07:46:31
Barcel,CEDIS,Verificada,26,1432,2025-08-28 07:50:40
P. Ideal,CEDIS,Verificada,22,1253,2025-08-28 08:36:19
P. Ideal,CEDIS,Verificada,20,1200,2025-08-28 09:27:22
P. Ideal,CEDIS,Verificada,22,1348,2025-08-28 09:27:37
P. Ideal,CEDIS,Verificada,22,1192,2025-08-28 10:05:20
P. Ideal,CEDIS,Verificada,20,1657,2025-08-28 10:05:36
P. Ideal,CEDIS,Verificada,22,1320,2025-08-28 11:34:08
P. Ideal,CEDIS,Verificada,22,1320,2025-08-28 11:34:08
P. Ideal,CEDIS,Verificada,24,600,2025-08-28 12:08:06
P. Ideal,CEDIS,Verificada,20,1305,2025-08-28 14:41:55
P. Ideal,CEDIS,Verificada,22,1284,2025-08-28 15:15:15
P. Ideal,CEDIS,Verificada,26,1231,2025-08-28 15:40:40
P. Ideal,CEDIS,Verificada,23,1348,2025-08-28 16:18:13
P. Ideal,CEDIS,Verificada,22,703,2025-08-28 17:33:20
P. Ideal,CEDIS,Verificada,22,1320,2025-08-28 17:33:21
P. Ideal,CEDIS,Verificada,22,1296,2025-08-28 17:33:22
P. Ideal,CEDIS,Verificada,22,1429,2025-08-28 18:34:14
P. Ideal,CEDIS,Verificada,22,1394,2025-08-28 18:34:15
P. Ideal,CEDIS,Verificada,23,1358,2025-08-28 19:34:18
P. Ideal,CEDIS,Verificada,22,1320,2025-08-28 19:34:19
P. Ideal,CEDIS,Verificada,22,1490,2025-08-28 20:34:18
P. Ideal,CEDIS,Verificada,22,1076,2025-08-28 20:34:18
P. Ideal,CEDIS,Verificada,22,1263,2025-08-28 20:34:19
P. Ideal,CEDIS,Verificada,22,1620,2025-08-28 20:45:45
SNH,CEDIS,Verificada,8,1000,2025-08-28 20:59:37
P. Ideal,CEDIS,Verificada,22,1207,2025-08-28 21:19:44
P. Ideal,CEDIS,Verificada,22,1627,2025-08-28 22:12:22
P. Ideal,CEDIS,Verificada,22,1157,2025-08-28 23:34:18
P. Ideal,CEDIS,Verificada,22,1227,2025-08-28 23:34:19
NB,CEDIS,Verificada,30,3560,2025-08-28 23:56:24
P. Ideal,CEDIS,Verificada,22,1260,2025-08-28 23:56:25
P. Ideal,CEDIS,Verificada,22,1284,2025-08-29 00:11:16
P. Ideal,CEDIS,Verificada,22,984,2025-08-29 00:34:19
P. Ideal,CEDIS,Verificada,22,1342,2025-08-29 01:34:19
P. Ideal,CEDIS,Verificada,22,741,2025-08-29 01:34:20
NB,CEDIS,Verificada,30,2002,2025-08-29 02:34:15
P. Ideal,CEDIS,Verificada,22,1238,2025-08-29 02:34:15
P. Ideal,CEDIS,Verificada,22,1222,2025-08-29 02:34:16
P. Ideal,CEDIS,Verificada,22,1253,2025-08-29 03:03:57
P. Ideal,CEDIS,Verificada,22,1274,2025-08-29 03:34:09
P. Ideal,CEDIS,Verificada,22,1283,2025-08-29 04:21:54
P. Ideal,CEDIS,Verificada,24,670,2025-08-29 04:34:08
P. Ideal,CEDIS,Verificada,24,666,2025-08-29 05:18:01
P. Ideal,CEDIS,Verificada,22,1312,2025-08-29 05:19:39
P. Ideal,CEDIS,Verificada,24,600,2025-08-29 06:11:12
P. Ideal,CEDIS,Verificada,20,1237,2025-08-29 06:21:10
P. Ideal,CEDIS,Verificada,22,1317,2025-08-29 07:02:42
P. Ideal,CEDIS,Verificada,24,600,2025-08-29 07:06:26
Barcel,CEDIS,Verificada,26,1337,2025-08-29 07:08:25
NB,CEDIS,Verificada,26,1872,2025-08-29 07:10:32
P. Ideal,CEDIS,Verificada,26,650,2025-08-29 07:12:16
P. Ideal,CEDIS,Verificada,22,889,2025-08-29 08:34:18
P. Ideal,CEDIS,Verificada,22,1264,2025-08-29 09:11:40
NB,CEDIS,Verificada,26,1586,2025-08-29 09:34:12
P. Ideal,CEDIS,Verificada,25,1163,2025-08-29 10:34:12
P. Ideal,CEDIS,Verificada,22,1282,2025-08-29 11:09:21
SNH,CEDIS,Verificada,35,840,2025-08-29 11:21:59
P. Ideal,CEDIS,Verificada,22,1260,2025-08-29 11:22:14
P. Ideal,CEDIS,Verificada,22,1308,2025-08-29 11:22:36
P. Ideal,CEDIS,Verificada,22,1296,2025-08-29 12:00:44
P. Ideal,CEDIS,Verificada,22,1104,2025-08-29 12:00:59
SNH,CEDIS,Verificada,31,2700,2025-08-29 12:25:08
P. Ideal,CEDIS,Verificada,22,1296,2025-08-29 12:25:26
P. Ideal,CEDIS,Verificada,22,1304,2025-08-29 13:34:19
P. Ideal,CEDIS,Verificada,22,1296,2025-08-29 14:34:12
P. Ideal,CEDIS,Verificada,22,1232,2025-08-29 14:34:12
P. Ideal,CEDIS,Verificada,22,1462,2025-08-29 15:34:16
P. Ideal,CEDIS,Verificada,22,1268,2025-08-29 16:34:12
P. Ideal,CEDIS,Verificada,22,1241,2025-08-29 16:34:13
P. Ideal,CEDIS,Verificada,22,1061,2025-08-29 17:34:12
P. Ideal,CEDIS,Verificada,22,1232,2025-08-29 17:34:13
P. Ideal,CEDIS,Verificada,22,1762,2025-08-29 18:34:12
P. Ideal,CEDIS,Verificada,22,1296,2025-08-29 18:34:13
P. Ideal,CEDIS,Verificada,22,1296,2025-08-29 19:01:42
P. Ideal,CEDIS,Verificada,22,1139,2025-08-29 19:34:12
SNH,CEDIS,Verificada,8,1000,2025-08-29 19:57:44
P. Ideal,CEDIS,Verificada,22,1264,2025-08-29 20:34:12
P. Ideal,CEDIS,Verificada,22,1304,2025-08-29 20:34:13
P. Ideal,CEDIS,Verificada,22,1288,2025-08-29 20:50:10
P. Ideal,CEDIS,Verificada,22,1221,2025-08-29 23:34:12
P. Ideal,CEDIS,Verificada,22,1238,2025-08-29 23:34:13
P. Ideal,CEDIS,Verificada,22,1304,2025-08-30 00:15:33
P. Ideal,CEDIS,Verificada,23,1231,2025-08-30 00:15:33
P. Ideal,CEDIS,Verificada,22,1316,2025-08-30 00:34:12
P. Ideal,CEDIS,Verificada,22,1250,2025-08-30 01:34:12
P. Ideal,CEDIS,Verificada,22,1308,2025-08-30 01:34:13
P. Ideal,CEDIS,Verificada,22,1186,2025-08-30 02:22:47
P. Ideal,CEDIS,Verificada,22,1272,2025-08-30 03:21:27
P. Ideal,CEDIS,Verificada,22,1200,2025-08-30 03:21:28
P. Ideal,CEDIS,Verificada,22,1212,2025-08-30 04:34:13
P. Ideal,CEDIS,Verificada,22,1304,2025-08-30 04:34:13
P. Ideal,CEDIS,Verificada,22,1378,2025-08-30 05:34:13
P. Ideal,CEDIS,Verificada,22,1225,2025-08-30 05:34:13
NB,CEDIS,Verificada,30,1862,2025-08-30 05:50:49
NB,CEDIS,Verificada,24,1533,2025-08-30 07:04:58
Barcel,CEDIS,Verificada,22,1225,2025-08-30 07:11:33
Barcel,CEDIS,Verificada,26,1456,2025-08-30 07:16:44
P. Ideal,CEDIS,Verificada,26,650,2025-08-30 07:34:20
P. Ideal,CEDIS,Verificada,22,1296,2025-08-30 07:34:20
P. Ideal,CEDIS,Verificada,22,1251,2025-08-30 08:34:17
P. Ideal,CEDIS,Verificada,22,1116,2025-08-30 08:55:42
P. Ideal,CEDIS,Verificada,22,1680,2025-08-30 08:56:04
P. Ideal,CEDIS,Verificada,22,1651,2025-08-30 10:12:26
P. Ideal,CEDIS,Verificada,22,1766,2025-08-30 11:34:17
NB,CEDIS,Verificada,24,1516,2025-08-30 11:34:18
P. Ideal,CEDIS,Verificada,22,1192,2025-08-30 12:34:17
P. Ideal,CEDIS,Verificada,22,1375,2025-08-30 13:30:42
P. Ideal,CEDIS,Verificada,22,1260,2025-08-30 13:30:43
P. Ideal,CEDIS,Verificada,24,600,2025-08-30 13:58:25
P. Ideal,CEDIS,Verificada,22,1292,2025-08-30 14:34:17
P. Ideal,CEDIS,Verificada,22,1141,2025-08-30 15:34:17
P. Ideal,CEDIS,Verificada,22,1315,2025-08-30 16:34:17
P. Ideal,CEDIS,Verificada,22,1033,2025-08-30 17:34:17
P. Ideal,CEDIS,Verificada,22,1164,2025-08-30 17:34:18
SNH,CEDIS,Verificada,8,1000,2025-08-30 17:56:49
P. Ideal,CEDIS,Verificada,22,1104,2025-08-30 18:08:04
P. Ideal,CEDIS,Verificada,22,1284,2025-08-30 19:17:06
P. Ideal,CEDIS,Verificada,22,1112,2025-08-30 20:34:17
NB,CEDIS,Verificada,26,2126,2025-08-30 22:34:17
P. Ideal,CEDIS,Verificada,22,1028,2025-08-31 00:34:17
P. Ideal,CEDIS,Verificada,22,1152,2025-08-31 01:32:05
P. Ideal,CEDIS,Verificada,22,1200,2025-08-31 01:41:53
P. Ideal,CEDIS,Verificada,22,1132,2025-08-31 02:34:23
P. Ideal,CEDIS,Verificada,22,1326,2025-08-31 02:34:24
P. Ideal,CEDIS,Verificada,24,777,2025-08-31 02:56:28
P. Ideal,CEDIS,Verificada,24,690,2025-08-31 03:34:23
P. Ideal,CEDIS,Verificada,24,658,2025-08-31 03:34:23
P. Ideal,CEDIS,Verificada,24,611,2025-08-31 04:34:23
P. Ideal,CEDIS,Verificada,22,1205,2025-08-31 04:34:24
P. Ideal,CEDIS,Verificada,24,600,2025-08-31 06:02:46
P. Ideal,CEDIS,Verificada,22,1080,2025-08-31 06:06:12
P. Ideal,CEDIS,Verificada,22,1132,2025-09-01 07:38:58
P. Chillán,CEDIS,Verificada,24,1405,2025-09-01 08:35:33
P. Ideal,CEDIS,Verificada,22,1006,2025-09-01 08:35:48
P. Ideal,CEDIS,Verificada,22,948,2025-09-01 09:34:27
P. Ideal,CEDIS,Verificada,24,622,2025-09-01 10:34:27
P. Ideal,CEDIS,Verificada,24,669,2025-09-01 11:06:42
P. Ideal,CEDIS,Verificada,22,1056,2025-09-01 12:00:41
P. Ideal,CEDIS,Verificada,22,1252,2025-09-01 12:09:11
P. Ideal,CEDIS,Verificada,26,1126,2025-09-01 13:57:54
P. Ideal,CEDIS,Verificada,23,1235,2025-09-01 16:34:27
P. Ideal,CEDIS,Verificada,22,1260,2025-09-01 17:34:27
P. Ideal,CEDIS,Verificada,22,1176,2025-09-01 17:39:47
P. Ideal,CEDIS,Verificada,22,1211,2025-09-01 19:34:27
P. Ideal,CEDIS,Verificada,22,1568,2025-09-01 20:34:27
P. Chillán,CEDIS,Verificada,24,1632,2025-09-01 20:34:28
P. Ideal,CEDIS,Verificada,22,1652,2025-09-01 20:38:57
P. Ideal,CEDIS,Verificada,22,1652,2025-09-01 21:34:27
P. Ideal,CEDIS,Verificada,22,1178,2025-09-01 23:28:12
P. Ideal,CEDIS,Verificada,22,1340,2025-09-01 23:58:58
P. Ideal,CEDIS,Verificada,22,1600,2025-09-02 00:34:33
P. Ideal,CEDIS,Verificada,22,1236,2025-09-02 01:23:46
P. Ideal,CEDIS,Verificada,22,1320,2025-09-02 01:24:04
P. Ideal,CEDIS,Verificada,23,1373,2025-09-02 01:50:20
P. Ideal,CEDIS,Verificada,22,1300,2025-09-02 02:15:16
P. Chillán,CEDIS,Verificada,24,1456,2025-09-02 02:30:28
P. Ideal,CEDIS,Verificada,22,1244,2025-09-02 03:34:33
NB,CEDIS,Verificada,24,1587,2025-09-02 03:34:34
NB,CEDIS,Verificada,6,660,2025-09-02 03:34:35
P. Ideal,CEDIS,Verificada,22,1356,2025-09-02 03:34:36
P. Ideal,CEDIS,Verificada,22,1320,2025-09-02 03:55:21
P. Ideal,CEDIS,Verificada,22,1312,2025-09-02 04:25:25
P. Ideal,CEDIS,Verificada,22,1332,2025-09-02 04:29:33
P. Chillán,CEDIS,Verificada,24,1440,2025-09-02 04:36:50
P. Ideal,CEDIS,Verificada,22,1211,2025-09-02 05:20:05
P. Ideal,CEDIS,Verificada,22,1272,2025-09-02 06:11:55
NB,CEDIS,Verificada,26,1879,2025-09-02 07:34:35
P. Ideal,CEDIS,Verificada,22,1316,2025-09-02 07:34:36
Barcel,CEDIS,Verificada,24,1888,2025-09-02 07:35:43
NB,CEDIS,Verificada,27,2400,2025-09-02 07:42:59
P. Ideal,CEDIS,Verificada,22,1236,2025-09-02 08:34:33
P. Chillán,CEDIS,Verificada,24,1632,2025-09-02 09:34:44
P. Ideal,CEDIS,Verificada,22,1272,2025-09-02 09:34:44
P. Ideal,CEDIS,Verificada,22,1320,2025-09-02 09:49:01
P. Chillán,CEDIS,Verificada,24,1536,2025-09-02 10:21:27
P. Ideal,CEDIS,Verificada,22,1320,2025-09-02 10:34:33
P. Ideal,CEDIS,Verificada,22,1320,2025-09-02 11:34:33
P. Ideal,CEDIS,Verificada,22,1320,2025-09-02 12:34:33
P. Ideal,CEDIS,Verificada,22,1260,2025-09-02 12:34:34
P. Chillán,CEDIS,Verificada,24,1632,2025-09-02 13:25:18
P. Ideal,CEDIS,Verificada,22,1217,2025-09-02 13:50:16
P. Ideal,CEDIS,Verificada,22,1289,2025-09-02 15:14:04
P. Ideal,CEDIS,Verificada,22,1320,2025-09-02 16:21:06
P. Ideal,CEDIS,Verificada,23,1224,2025-09-02 16:34:33
Barcel,CEDIS,Verificada,24,1856,2025-09-02 17:34:33
P. Ideal,CEDIS,Verificada,22,1296,2025-09-02 17:34:34
P. Ideal,CEDIS,Verificada,22,1284,2025-09-02 17:34:34
P. Ideal,CEDIS,Verificada,22,1304,2025-09-02 18:34:34
P. Ideal,CEDIS,Verificada,22,1296,2025-09-02 18:34:35
P. Ideal,CEDIS,Verificada,22,1138,2025-09-02 19:34:33
P. Ideal,CEDIS,Verificada,22,1308,2025-09-02 19:34:34
P. Ideal,CEDIS,Verificada,22,1251,2025-09-02 20:12:47
P. Ideal,CEDIS,Verificada,22,1387,2025-09-02 20:18:02
P. Ideal,CEDIS,Verificada,22,1356,2025-09-02 20:38:22
SNH,CEDIS,Verificada,8,480,2025-09-02 20:38:24
P. Chillán,CEDIS,Verificada,24,1536,2025-09-02 20:38:25
P. Ideal,CEDIS,Verificada,22,1268,2025-09-02 22:08:33
P. Ideal,CEDIS,Verificada,22,1083,2025-09-02 23:34:33
P. Ideal,CEDIS,Verificada,22,1159,2025-09-02 23:34:34
P. Ideal,CEDIS,Verificada,22,1135,2025-09-02 23:34:35
P. Ideal,CEDIS,Verificada,22,1308,2025-09-02 23:44:44
P. Ideal,CEDIS,Verificada,22,1279,2025-09-03 00:02:11
P. Ideal,CEDIS,Verificada,22,1260,2025-09-03 00:34:33
P. Ideal,CEDIS,Verificada,22,1273,2025-09-03 01:34:34
P. Ideal,CEDIS,Verificada,22,1206,2025-09-03 01:34:35
P. Ideal,CEDIS,Verificada,22,1240,2025-09-03 01:44:12
P. Ideal,CEDIS,Verificada,22,1272,2025-09-03 02:34:33
P. Ideal,CEDIS,Verificada,22,1256,2025-09-03 02:34:34
P. Ideal,CEDIS,Verificada,22,1063,2025-09-03 02:34:35
P. Ideal,CEDIS,Verificada,26,963,2025-09-03 03:11:06
P. Ideal,CEDIS,Verificada,22,1224,2025-09-03 03:12:57
P. Ideal,CEDIS,Verificada,22,1320,2025-09-03 04:20:11
P. Ideal,CEDIS,Verificada,22,1320,2025-09-03 04:20:52
P. Ideal,CEDIS,Verificada,22,1240,2025-09-03 04:34:21
P. Ideal,CEDIS,Verificada,22,1248,2025-09-03 05:14:44
P. Ideal,CEDIS,Verificada,22,1260,2025-09-03 05:34:33
P. Ideal,CEDIS,Verificada,22,1236,2025-09-03 06:04:24
NB,CEDIS,Verificada,24,1739,2025-09-03 07:13:18
Barcel,CEDIS,Verificada,24,1798,2025-09-03 07:15:39
Barcel,CEDIS,Verificada,24,1856,2025-09-03 07:18:52
NB,CEDIS,Verificada,26,1761,2025-09-03 07:34:33
P. Ideal,CEDIS,Verificada,23,1394,2025-09-03 07:34:35
P. Ideal,CEDIS,Verificada,22,1175,2025-09-03 08:34:34
P. Ideal,CEDIS,Verificada,22,1159,2025-09-03 09:34:33
P. Ideal,CEDIS,Verificada,22,1308,2025-09-03 09:34:34
P. Ideal,CEDIS,Verificada,23,1357,2025-09-03 11:30:16
P. Ideal,CEDIS,Verificada,22,1400,2025-09-03 11:30:54
P. Ideal,CEDIS,Verificada,22,2712,2025-09-03 12:34:34
P. Ideal,CEDIS,Verificada,22,1324,2025-09-03 12:34:34
P. Chillán,CEDIS,Verificada,20,1101,2025-09-03 13:17:36
P. Ideal,CEDIS,Verificada,22,1352,2025-09-03 13:17:36
P. Ideal,CEDIS,Verificada,26,1010,2025-09-03 14:34:34
P. Ideal,CEDIS,Verificada,22,1395,2025-09-03 15:34:34
P. Ideal,CEDIS,Verificada,22,1544,2025-09-03 15:45:17
P. Ideal,CEDIS,Verificada,22,1480,2025-09-03 16:34:33
P. Ideal,CEDIS,Verificada,26,1032,2025-09-03 16:34:34
P. Chillán,CEDIS,Verificada,24,1546,2025-09-03 16:34:35
P. Ideal,CEDIS,Verificada,22,1320,2025-09-03 16:55:27
P. Ideal,CEDIS,Verificada,22,1126,2025-09-03 17:34:33
P. Ideal,CEDIS,Verificada,22,1234,2025-09-03 18:34:35
P. Ideal,CEDIS,Verificada,22,1174,2025-09-03 18:34:35
P. Ideal,CEDIS,Verificada,22,1256,2025-09-03 18:56:11
P. Ideal,CEDIS,Verificada,22,1232,2025-09-03 19:14:39
P. Ideal,CEDIS,Verificada,22,1120,2025-09-03 19:34:06
P. Ideal,CEDIS,Verificada,22,1195,2025-09-03 20:34:34
P. Ideal,CEDIS,Verificada,22,1220,2025-09-03 20:34:34
P. Ideal,CEDIS,Verificada,22,1214,2025-09-03 20:34:35
P. Ideal,CEDIS,Verificada,22,1200,2025-09-03 20:48:56
NB,CEDIS,Verificada,24,1464,2025-09-03 21:34:33
P. Ideal,CEDIS,Verificada,22,1136,2025-09-03 22:39:07
SNH,CEDIS,Verificada,8,480,2025-09-03 22:53:12
P. Ideal,CEDIS,Verificada,22,1244,2025-09-03 23:12:33
P. Ideal,CEDIS,Verificada,24,716,2025-09-03 23:34:33
P. Ideal,CEDIS,Verificada,22,1320,2025-09-03 23:47:19
P. Ideal,CEDIS,Verificada,22,1284,2025-09-04 00:22:04
P. Ideal,CEDIS,Verificada,22,1226,2025-09-04 00:40:29
P. Ideal,CEDIS,Verificada,22,1288,2025-09-04 01:34:34
P. Ideal,CEDIS,Verificada,22,1044,2025-09-04 02:09:43
P. Ideal,CEDIS,Verificada,22,1147,2025-09-04 02:09:59
P. Ideal,CEDIS,Verificada,25,1219,2025-09-04 02:10:14
P. Ideal,CEDIS,Verificada,22,1214,2025-09-04 02:31:30
P. Ideal,CEDIS,Verificada,22,1197,2025-09-04 02:59:24
P. Ideal,CEDIS,Verificada,22,1194,2025-09-04 03:34:37
P. Ideal,CEDIS,Verificada,22,1292,2025-09-04 04:33:52
P. Ideal,CEDIS,Verificada,24,600,2025-09-04 05:34:37
NB,CEDIS,Verificada,30,1917,2025-09-04 05:34:38
P. Ideal,CEDIS,Verificada,22,1224,2025-09-04 05:34:38
P. Ideal,CEDIS,Verificada,22,1188,2025-09-04 05:38:48
NB,CEDIS,Verificada,26,1788,2025-09-04 07:16:39
NB,CEDIS,Verificada,4,252,2025-09-04 07:20:32
P. Ideal,CEDIS,Verificada,23,1193,2025-09-04 07:34:37
P. Ideal,CEDIS,Verificada,22,1264,2025-09-04 07:55:32
P. Ideal,CEDIS,Verificada,22,1477,2025-09-04 08:32:06
P. Ideal,CEDIS,Verificada,22,1586,2025-09-04 08:32:06
P. Chillán,CEDIS,Verificada,25,1632,2025-09-04 08:32:07
P. Ideal,CEDIS,Verificada,22,1746,2025-09-04 09:20:16
P. Ideal,CEDIS,Verificada,22,1119,2025-09-04 10:34:38
P. Ideal,CEDIS,Verificada,22,1211,2025-09-04 10:34:39
P. Ideal,CEDIS,Verificada,22,1199,2025-09-04 11:34:38
P. Ideal,CEDIS,Verificada,22,1212,2025-09-04 12:23:03
P. Ideal,CEDIS,Verificada,22,1290,2025-09-04 12:23:04
P. Chillán,CEDIS,Verificada,24,1600,2025-09-04 13:08:28
P. Ideal,CEDIS,Verificada,22,1056,2025-09-04 13:08:29
P. Ideal,CEDIS,Verificada,22,1214,2025-09-04 13:48:33
P. Ideal,CEDIS,Verificada,22,1206,2025-09-04 14:21:10
P. Ideal,CEDIS,Verificada,22,1103,2025-09-04 15:19:23
P. Ideal,CEDIS,Verificada,22,1320,2025-09-04 15:34:42
P. Ideal,CEDIS,Verificada,22,1457,2025-09-04 16:31:25
P. Ideal,CEDIS,Verificada,23,1090,2025-09-04 16:31:26
P. Ideal,CEDIS,Verificada,22,1336,2025-09-04 17:34:43
P. Ideal,CEDIS,Verificada,24,600,2025-09-04 17:34:43
P. Ideal,CEDIS,Verificada,24,600,2025-09-04 18:34:42
P. Ideal,CEDIS,Verificada,22,1155,2025-09-04 18:34:43
P. Ideal,CEDIS,Verificada,22,1264,2025-09-04 18:34:44
P. Ideal,CEDIS,Verificada,18,980,2025-09-04 19:24:06
P. Ideal,CEDIS,Verificada,22,972,2025-09-04 19:32:20
SNH,CEDIS,Verificada,8,1000,2025-09-04 19:51:18
P. Ideal,CEDIS,Verificada,22,1388,2025-09-04 20:23:41
P. Ideal,CEDIS,Verificada,3,150,2025-09-04 20:31:44
P. Ideal,CEDIS,Verificada,22,1336,2025-09-04 20:31:44
P. Ideal,CEDIS,Verificada,22,1408,2025-09-04 22:11:44
P. Ideal,CEDIS,Verificada,22,1296,2025-09-04 23:34:43
P. Ideal,CEDIS,Verificada,22,1382,2025-09-04 23:34:44
P. Ideal,CEDIS,Verificada,22,1103,2025-09-04 23:49:53
SNH,CEDIS,Verificada,31,2700,2025-09-05 00:17:34
P. Ideal,CEDIS,Verificada,24,600,2025-09-05 00:56:17
P. Ideal,CEDIS,Verificada,22,1316,2025-09-05 01:27:48
P. Ideal,CEDIS,Verificada,22,1228,2025-09-05 01:36:21
P. Ideal,CEDIS,Verificada,22,1308,2025-09-05 02:05:47
P. Ideal,CEDIS,Verificada,22,1252,2025-09-05 02:18:36
P. Ideal,CEDIS,Verificada,22,1193,2025-09-05 02:27:34
Barcel,CEDIS,Verificada,18,1004,2025-09-05 03:12:08
NB,CEDIS,Verificada,26,1552,2025-09-05 03:12:48
P. Ideal,CEDIS,Verificada,22,1200,2025-09-05 03:13:05
P. Ideal,CEDIS,Verificada,22,1239,2025-09-05 03:13:20
P. Ideal,CEDIS,Verificada,22,1284,2025-09-05 04:34:46
P. Ideal,CEDIS,Verificada,22,1217,2025-09-05 04:34:47
P. Ideal,CEDIS,Verificada,24,600,2025-09-05 05:34:46
NB,CEDIS,Verificada,26,1638,2025-09-05 05:34:47
P. Ideal,CEDIS,Verificada,22,1320,2025-09-05 06:17:20
NB,CEDIS,Verificada,26,1993,2025-09-05 06:28:06
Barcel,CEDIS,Verificada,24,1518,2025-09-05 07:08:19
P. Ideal,CEDIS,Verificada,22,1284,2025-09-05 07:34:51
NB,CEDIS,Verificada,26,2708,2025-09-05 07:34:52
NB,CEDIS,Verificada,26,1569,2025-09-05 07:40:33
P. Ideal,CEDIS,Verificada,23,1179,2025-09-05 08:08:53
P. Ideal,CEDIS,Verificada,22,1209,2025-09-05 09:34:56
P. Ideal,CEDIS,Verificada,22,1276,2025-09-05 09:34:56
P. Ideal,CEDIS,Verificada,22,1320,2025-09-05 10:12:21
P. Ideal,CEDIS,Verificada,22,1200,2025-09-05 10:12:21
P. Ideal,CEDIS,Verificada,22,1256,2025-09-05 11:34:55
P. Ideal,CEDIS,Verificada,22,1299,2025-09-05 11:34:56
P. Ideal,CEDIS,Verificada,22,1228,2025-09-05 12:34:55
P. Ideal,CEDIS,Verificada,22,1328,2025-09-05 12:34:56
P. Ideal,CEDIS,Verificada,22,1224,2025-09-05 12:53:01
P. Ideal,CEDIS,Verificada,22,1812,2025-09-05 13:22:15
P. Ideal,CEDIS,Verificada,23,1199,2025-09-05 14:21:49
P. Ideal,CEDIS,Verificada,22,1218,2025-09-05 16:34:56
P. Ideal,CEDIS,Verificada,22,1392,2025-09-05 16:37:18
P. Ideal,CEDIS,Verificada,22,1284,2025-09-05 16:59:08
P. Ideal,CEDIS,Verificada,22,974,2025-09-05 17:30:19
P. Ideal,CEDIS,Verificada,22,1092,2025-09-05 17:50:57
P. Ideal,CEDIS,Verificada,22,1212,2025-09-05 18:25:02
P. Ideal,CEDIS,Verificada,22,1229,2025-09-05 18:25:03
P. Ideal,CEDIS,Verificada,24,1181,2025-09-05 19:27:57
SNH,CEDIS,Verificada,8,480,2025-09-05 19:40:37
P. Ideal,CEDIS,Verificada,24,600,2025-09-05 20:27:18
P. Ideal,CEDIS,Verificada,24,600,2025-09-05 20:27:18
P. Ideal,CEDIS,Verificada,22,1248,2025-09-05 20:27:19
P. Ideal,CEDIS,Verificada,22,1172,2025-09-05 21:34:56
P. Ideal,CEDIS,Verificada,22,1128,2025-09-05 21:34:56
P. Ideal,CEDIS,Verificada,22,1131,2025-09-05 22:13:15
P. Ideal,CEDIS,Verificada,22,1224,2025-09-05 23:43:12
P. Ideal,CEDIS,Verificada,22,1271,2025-09-06 00:21:38
P. Ideal,CEDIS,Verificada,24,600,2025-09-06 01:25:52
P. Ideal,CEDIS,Verificada,22,1247,2025-09-06 01:26:07
P. Ideal,CEDIS,Verificada,24,600,2025-09-06 02:12:29
P. Ideal,CEDIS,Verificada,22,1308,2025-09-06 02:12:59
P. Ideal,CEDIS,Verificada,22,1320,2025-09-06 02:34:56
P. Ideal,CEDIS,Verificada,22,1320,2025-09-06 02:50:51
P. Ideal,CEDIS,Verificada,22,999,2025-09-06 02:58:54
NB,CEDIS,Verificada,26,1813,2025-09-06 03:02:10
P. Ideal,CEDIS,Verificada,22,1260,2025-09-06 03:34:56
P. Ideal,CEDIS,Verificada,22,1275,2025-09-06 04:08:49
P. Ideal,CEDIS,Verificada,24,600,2025-09-06 04:35:02
P. Ideal,CEDIS,Verificada,22,1259,2025-09-06 04:44:28
P. Ideal,CEDIS,Verificada,24,600,2025-09-06 05:04:22
NB,CEDIS,Verificada,26,1768,2025-09-06 05:35:02
P. Ideal,CEDIS,Verificada,22,1236,2025-09-06 05:35:02
NB,CEDIS,Verificada,26,1650,2025-09-06 07:02:30
NB,CEDIS,Verificada,24,1531,2025-09-06 07:09:17
NB,CEDIS,Verificada,4,259,2025-09-06 07:13:13
NB,CEDIS,Verificada,26,1764,2025-09-06 07:14:48
Barcel,CEDIS,Verificada,9,600,2025-09-06 07:19:44
Barcel,CEDIS,Verificada,19,1394,2025-09-06 07:22:22
P. Ideal,CEDIS,Verificada,22,1260,2025-09-06 07:35:02
P. Ideal,CEDIS,Verificada,22,1220,2025-09-06 08:00:17
P. Ideal,CEDIS,Verificada,22,1072,2025-09-06 08:35:02
P. Ideal,CEDIS,Verificada,22,1296,2025-09-06 09:35:02
P. Ideal,CEDIS,Verificada,22,1320,2025-09-06 09:35:02
P. Ideal,CEDIS,Verificada,22,1204,2025-09-06 09:53:14
P. Ideal,CEDIS,Verificada,22,1272,2025-09-06 10:35:02
P. Ideal,CEDIS,Verificada,22,1260,2025-09-06 11:35:02
P. Ideal,CEDIS,Verificada,22,1304,2025-09-06 12:35:02
P. Ideal,CEDIS,Verificada,22,1224,2025-09-06 13:35:02
Barcel,CEDIS,Verificada,26,1678,2025-09-06 13:35:03
P. Ideal,CEDIS,Verificada,22,1320,2025-09-06 14:35:02
P. Ideal,CEDIS,Verificada,22,1260,2025-09-06 15:25:17
P. Ideal,CEDIS,Verificada,22,1284,2025-09-06 16:35:02
P. Ideal,CEDIS,Verificada,22,1312,2025-09-06 16:35:03
P. Ideal,CEDIS,Verificada,22,1224,2025-09-06 17:35:02
SNH,CEDIS,Verificada,0,480,2025-09-06 18:23:06
SNH,CEDIS,Verificada,8,1000,2025-09-06 18:27:24
P. Ideal,CEDIS,Verificada,22,1176,2025-09-06 19:34:40
P. Ideal,CEDIS,Verificada,22,1320,2025-09-06 20:22:30
Barcel,CEDIS,Verificada,24,1420,2025-09-06 21:09:18
P. Ideal,CEDIS,Verificada,22,1055,2025-09-06 22:13:38
P. Ideal,CEDIS,Verificada,23,1013,2025-09-06 22:55:16
P. Ideal,CEDIS,Verificada,24,656,2025-09-07 01:42:02
P. Ideal,CEDIS,Verificada,22,912,2025-09-07 05:06:44
P. Ideal,CEDIS,Verificada,14,537,2025-09-07 06:18:30
P. Ideal,CEDIS,Verificada,22,1020,2025-09-08 08:35:07
P. Ideal,CEDIS,Verificada,13,552,2025-09-08 09:35:07
P. Ideal,CEDIS,Verificada,22,1320,2025-09-08 15:45:51
P. Ideal,CEDIS,Verificada,22,1160,2025-09-08 16:24:05
P. Ideal,CEDIS,Verificada,22,1840,2025-09-08 16:56:14
P. Ideal,CEDIS,Verificada,22,1404,2025-09-08 17:35:08
P. Ideal,CEDIS,Verificada,22,1610,2025-09-08 19:01:20
P. Ideal,CEDIS,Verificada,22,1272,2025-09-08 19:01:43
P. Ideal,CEDIS,Verificada,22,1320,2025-09-08 19:02:01
P. Ideal,CEDIS,Verificada,22,1496,2025-09-08 19:35:07
Barcel,CEDIS,Verificada,17,944,2025-09-08 20:28:57
P. Ideal,CEDIS,Verificada,22,1196,2025-09-08 20:29:12
P. Ideal,CEDIS,Verificada,22,1576,2025-09-08 20:29:37
P. Ideal,CEDIS,Verificada,22,1520,2025-09-08 20:29:56
P. Ideal,CEDIS,Verificada,22,1264,2025-09-08 20:48:15
P. Ideal,CEDIS,Verificada,22,1468,2025-09-08 21:35:14
NB,CEDIS,Verificada,26,1835,2025-09-08 21:35:14
P. Ideal,CEDIS,Verificada,22,1252,2025-09-08 21:35:15
P. Ideal,CEDIS,Verificada,22,1472,2025-09-08 21:56:03
P. Ideal,CEDIS,Verificada,24,1299,2025-09-08 21:56:20
P. Ideal,CEDIS,Verificada,22,1249,2025-09-08 23:35:13
P. Ideal,CEDIS,Verificada,22,1292,2025-09-09 00:26:32
P. Ideal,CEDIS,Verificada,22,1272,2025-09-09 00:26:33
P. Chillán,CEDIS,Verificada,20,1200,2025-09-09 00:27:23
P. Ideal,CEDIS,Verificada,22,1296,2025-09-09 01:12:45
P. Ideal,CEDIS,Verificada,22,948,2025-09-09 01:12:46
P. Ideal,CEDIS,Verificada,22,1124,2025-09-09 01:24:07
P. Ideal,CEDIS,Verificada,22,1116,2025-09-09 01:53:21
P. Ideal,CEDIS,Verificada,22,1219,2025-09-09 02:35:13
P. Ideal,CEDIS,Verificada,22,1211,2025-09-09 02:35:14
P. Ideal,CEDIS,Verificada,22,1130,2025-09-09 02:49:29
P. Chillán,CEDIS,Verificada,24,1624,2025-09-09 02:49:54
P. Ideal,CEDIS,Verificada,22,1364,2025-09-09 03:35:13
P. Ideal,CEDIS,Verificada,25,1187,2025-09-09 04:35:13
P. Ideal,CEDIS,Verificada,22,1320,2025-09-09 04:35:14
P. Ideal,CEDIS,Verificada,22,1212,2025-09-09 05:35:13
P. Ideal,CEDIS,Verificada,22,1212,2025-09-09 05:35:14
P. Ideal,CEDIS,Verificada,22,1335,2025-09-09 06:33:31
Barcel,CEDIS,Verificada,22,1461,2025-09-09 07:16:33
NB,CEDIS,Verificada,26,1585,2025-09-09 07:19:41
NB,CEDIS,Verificada,24,1512,2025-09-09 07:21:13
NB,CEDIS,Verificada,28,1733,2025-09-09 07:23:07
P. Ideal,CEDIS,Verificada,22,1296,2025-09-09 07:35:15
P. Ideal,CEDIS,Verificada,22,1126,2025-09-09 08:10:15
P. Ideal,CEDIS,Verificada,24,600,2025-09-09 08:35:14
P. Ideal,CEDIS,Verificada,22,1320,2025-09-09 08:52:40
P. Ideal,CEDIS,Verificada,22,1320,2025-09-09 09:35:14
P. Ideal,CEDIS,Verificada,22,1320,2025-09-09 09:55:26
P. Ideal,CEDIS,Verificada,23,1221,2025-09-09 10:16:58
NB,CEDIS,Verificada,26,2138,2025-09-09 10:35:14
P. Ideal,CEDIS,Verificada,22,1182,2025-09-09 10:35:15
P. Ideal,CEDIS,Verificada,22,1280,2025-09-09 11:35:14
P. Ideal,CEDIS,Verificada,22,1131,2025-09-09 11:35:15
P. Ideal,CEDIS,Verificada,24,600,2025-09-09 12:35:15
P. Ideal,CEDIS,Verificada,24,600,2025-09-09 12:35:16
P. Ideal,CEDIS,Verificada,22,1127,2025-09-09 13:35:22
P. Ideal,CEDIS,Verificada,22,1136,2025-09-09 13:35:23
P. Chillán,CEDIS,Verificada,24,1632,2025-09-09 13:35:24
P. Ideal,CEDIS,Verificada,22,1320,2025-09-09 13:35:24
P. Ideal,CEDIS,Verificada,22,1105,2025-09-09 15:35:20
P. Ideal,CEDIS,Verificada,22,1261,2025-09-09 16:10:45
P. Ideal,CEDIS,Verificada,22,1069,2025-09-09 16:11:02
P. Ideal,CEDIS,Verificada,22,1188,2025-09-09 16:35:20
P. Ideal,CEDIS,Verificada,22,1248,2025-09-09 16:36:03
P. Ideal,CEDIS,Verificada,22,1202,2025-09-09 17:06:20
P. Ideal,CEDIS,Verificada,23,1045,2025-09-09 17:08:43
P. Ideal,CEDIS,Verificada,22,1257,2025-09-09 17:18:04
P. Ideal,CEDIS,Verificada,22,1268,2025-09-09 18:02:33
Barcel,CEDIS,Verificada,11,968,2025-09-09 19:29:50
P. Chillán,CEDIS,Verificada,24,1472,2025-09-09 19:35:27
P. Ideal,CEDIS,Verificada,24,1272,2025-09-09 20:51:09
P. Ideal,CEDIS,Verificada,20,1176,2025-09-09 20:51:27
SNH,CEDIS,Verificada,8,480,2025-09-09 20:52:50
P. Ideal,CEDIS,Verificada,22,1199,2025-09-09 22:35:21
P. Ideal,CEDIS,Verificada,21,1116,2025-09-09 22:35:21
P. Chillán,CEDIS,Verificada,28,1670,2025-09-09 23:49:34
P. Ideal,CEDIS,Verificada,20,1200,2025-09-10 00:35:20
P. Ideal,CEDIS,Verificada,22,1208,2025-09-10 00:35:21
P. Ideal,CEDIS,Verificada,20,899,2025-09-10 01:45:41
P. Ideal,CEDIS,Verificada,22,1156,2025-09-10 02:35:20
P. Ideal,CEDIS,Verificada,20,1200,2025-09-10 02:35:21
P. Ideal,CEDIS,Verificada,22,1172,2025-09-10 02:49:36
P. Ideal,CEDIS,Verificada,22,1242,2025-09-10 03:11:16
P. Ideal,CEDIS,Verificada,22,1053,2025-09-10 03:24:33
P. Ideal,CEDIS,Verificada,22,1308,2025-09-10 04:35:20
P. Ideal,CEDIS,Verificada,22,1236,2025-09-10 04:35:21
P. Ideal,CEDIS,Verificada,22,1148,2025-09-10 05:35:20
P. Ideal,CEDIS,Verificada,22,1220,2025-09-10 05:35:21
P. Ideal,CEDIS,Verificada,24,1006,2025-09-10 05:35:22
P. Ideal,CEDIS,Verificada,24,600,2025-09-10 05:56:36
P. Ideal,CEDIS,Verificada,19,932,2025-09-10 06:11:50
NB,CEDIS,Verificada,26,2044,2025-09-10 06:26:30
NB,CEDIS,Verificada,26,1680,2025-09-10 07:18:25
NB,CEDIS,Verificada,26,2099,2025-09-10 07:26:34
P. Ideal,CEDIS,Verificada,22,1163,2025-09-10 07:35:20
P. Chillán,CEDIS,Verificada,26,1616,2025-09-10 08:35:20
P. Ideal,CEDIS,Verificada,24,600,2025-09-10 09:35:25
P. Ideal,CEDIS,Verificada,22,2064,2025-09-10 10:35:20
P. Ideal,CEDIS,Verificada,22,1254,2025-09-10 10:50:51
P. Ideal,CEDIS,Verificada,22,1218,2025-09-10 12:35:21
P. Ideal,CEDIS,Verificada,23,1709,2025-09-10 13:00:21
P. Ideal,CEDIS,Verificada,22,1287,2025-09-10 13:35:21
P. Ideal,CEDIS,Verificada,23,1164,2025-09-10 13:35:22
P. Ideal,CEDIS,Verificada,22,1319,2025-09-10 14:34:10
P. Chillán,CEDIS,Verificada,24,1600,2025-09-10 14:34:10
P. Ideal,CEDIS,Verificada,22,1296,2025-09-10 14:34:11
P. Chillán,CEDIS,Verificada,26,1568,2025-09-10 14:49:09
P. Ideal,CEDIS,Verificada,22,1116,2025-09-10 15:13:59
P. Ideal,CEDIS,Verificada,22,1221,2025-09-10 16:59:04
P. Ideal,CEDIS,Verificada,22,1068,2025-09-10 16:59:20
P. Ideal,CEDIS,Verificada,22,1296,2025-09-10 17:23:12
P. Ideal,CEDIS,Verificada,22,1308,2025-09-10 17:55:53
P. Ideal,CEDIS,Verificada,24,600,2025-09-10 19:10:40
P. Ideal,CEDIS,Verificada,22,1320,2025-09-10 19:20:12
P. Ideal,CEDIS,Verificada,22,1238,2025-09-10 19:35:56
SNH,CEDIS,Verificada,8,480,2025-09-10 19:45:05
P. Ideal,CEDIS,Verificada,22,1316,2025-09-10 19:45:22
P. Ideal,CEDIS,Verificada,22,1320,2025-09-10 20:23:37
P. Ideal,CEDIS,Verificada,22,1315,2025-09-10 21:21:46
P. Chillán,CEDIS,Verificada,27,1648,2025-09-10 22:35:25
P. Ideal,CEDIS,Verificada,26,992,2025-09-10 22:35:30
P. Ideal,CEDIS,Verificada,20,1094,2025-09-10 22:35:31
P. Ideal,CEDIS,Verificada,22,1296,2025-09-10 23:35:23
P. Ideal,CEDIS,Verificada,22,1249,2025-09-11 00:03:48
P. Ideal,CEDIS,Verificada,22,1320,2025-09-11 00:35:28
P. Ideal,CEDIS,Verificada,22,1196,2025-09-11 01:27:35
P. Ideal,CEDIS,Verificada,22,1650,2025-09-11 01:56:07
P. Ideal,CEDIS,Verificada,22,1663,2025-09-11 02:20:11
NB,CEDIS,Verificada,30,2189,2025-09-11 03:04:45
P. Ideal,CEDIS,Verificada,22,1756,2025-09-11 03:04:46
P. Ideal,CEDIS,Verificada,22,1352,2025-09-11 03:52:10
P. Ideal,CEDIS,Verificada,22,1104,2025-09-11 05:10:00
P. Ideal,CEDIS,Verificada,22,1320,2025-09-11 05:10:01
P. Ideal,CEDIS,Verificada,25,1280,2025-09-11 05:57:20
P. Ideal,CEDIS,Verificada,20,1113,2025-09-11 06:28:11
P. Chillán,CEDIS,Verificada,26,1704,2025-09-11 06:28:11
P. Ideal,CEDIS,Verificada,22,1320,2025-09-11 07:43:49
NB,CEDIS,Verificada,26,2163,2025-09-11 07:43:52
Barcel,CEDIS,Verificada,24,1332,2025-09-11 07:50:29
NB,CEDIS,Verificada,24,1502,2025-09-11 07:52:46
P. Ideal,CEDIS,Verificada,22,1308,2025-09-11 08:35:33
P. Ideal,CEDIS,Verificada,22,1304,2025-09-11 08:39:56
P. Ideal,CEDIS,Verificada,22,1336,2025-09-11 09:26:49
P. Ideal,CEDIS,Verificada,22,1332,2025-09-11 09:36:38
P. Ideal,CEDIS,Verificada,22,1236,2025-09-11 10:35:34
P. Ideal,CEDIS,Verificada,22,1248,2025-09-11 10:35:34
P. Ideal,CEDIS,Verificada,22,1386,2025-09-11 11:35:34
P. Ideal,CEDIS,Verificada,22,1556,2025-09-11 11:35:34
P. Ideal,CEDIS,Verificada,22,1293,2025-09-11 12:35:34
P. Ideal,CEDIS,Verificada,22,1308,2025-09-11 12:46:37
P. Ideal,CEDIS,Verificada,22,1117,2025-09-11 16:04:49
P. Ideal,CEDIS,Verificada,22,1152,2025-09-11 16:04:50
P. Ideal,CEDIS,Verificada,22,1606,2025-09-11 16:15:40
P. Ideal,CEDIS,Verificada,22,1248,2025-09-11 16:58:29
P. Ideal,CEDIS,Verificada,22,1216,2025-09-11 17:29:38
P. Chillán,CEDIS,Verificada,24,1520,2025-09-11 17:31:26
P. Ideal,CEDIS,Verificada,22,1082,2025-09-11 18:01:14
P. Ideal,CEDIS,Verificada,22,1440,2025-09-11 18:11:23
P. Ideal,CEDIS,Verificada,22,1272,2025-09-11 18:45:15
P. Ideal,CEDIS,Verificada,22,1360,2025-09-11 19:10:08
P. Ideal,CEDIS,Verificada,20,1280,2025-09-11 19:35:34
P. Chillán,CEDIS,Verificada,25,1549,2025-09-11 21:35:34
P. Ideal,CEDIS,Verificada,22,1240,2025-09-11 21:35:35
P. Chillán,CEDIS,Verificada,23,1459,2025-09-11 22:04:16
P. Ideal,CEDIS,Verificada,20,1188,2025-09-11 22:35:34
P. Ideal,CEDIS,Verificada,22,1320,2025-09-11 22:35:35
P. Ideal,CEDIS,Verificada,14,792,2025-09-11 23:35:34
P. Ideal,CEDIS,Verificada,22,1082,2025-09-12 00:35:34
P. Ideal,CEDIS,Verificada,22,1003,2025-09-12 00:35:35
P. Ideal,CEDIS,Verificada,1,450,2025-09-12 00:35:36
P. Ideal,CEDIS,Verificada,22,1231,2025-09-12 01:35:34
P. Ideal,CEDIS,Verificada,22,1127,2025-09-12 01:35:35
P. Ideal,CEDIS,Verificada,22,1220,2025-09-12 01:35:35
P. Ideal,CEDIS,Verificada,22,1669,2025-09-12 02:16:49
P. Ideal,CEDIS,Verificada,25,1063,2025-09-12 03:35:35
NB,CEDIS,Verificada,26,1630,2025-09-12 03:35:36
P. Ideal,CEDIS,Verificada,22,1287,2025-09-12 03:35:36
P. Ideal,CEDIS,Verificada,22,1056,2025-09-12 04:35:34
P. Ideal,CEDIS,Verificada,22,1200,2025-09-12 04:35:35
P. Ideal,CEDIS,Verificada,22,900,2025-09-12 04:54:32
P. Ideal,CEDIS,Verificada,22,990,2025-09-12 05:35:34
P. Ideal,CEDIS,Verificada,22,1242,2025-09-12 06:01:20
P. Ideal,CEDIS,Verificada,20,1200,2025-09-12 06:28:58
Barcel,CEDIS,Verificada,24,1344,2025-09-12 07:16:43
NB,CEDIS,Verificada,29,1846,2025-09-12 07:18:57
Barcel,CEDIS,Verificada,26,1449,2025-09-12 07:21:31
P. Ideal,CEDIS,Verificada,22,1098,2025-09-12 07:59:11
P. Ideal,CEDIS,Verificada,22,1071,2025-09-12 08:17:40
P. Ideal,CEDIS,Verificada,22,1358,2025-09-12 09:19:02
P. Ideal,CEDIS,Verificada,22,1210,2025-09-12 09:19:56
P. Ideal,CEDIS,Verificada,24,972,2025-09-12 11:35:34
P. Ideal,CEDIS,Verificada,20,1200,2025-09-12 12:28:49
P. Ideal,CEDIS,Verificada,22,1568,2025-09-12 12:28:50
P. Ideal,CEDIS,Verificada,18,1160,2025-09-12 13:35:34
P. Ideal,CEDIS,Verificada,22,1428,2025-09-12 14:13:08
P. Ideal,CEDIS,Verificada,20,1176,2025-09-12 14:54:07
P. Ideal,CEDIS,Verificada,20,1080,2025-09-12 14:54:07
P. Ideal,CEDIS,Verificada,22,550,2025-09-12 16:38:20
P. Ideal,CEDIS,Verificada,20,1095,2025-09-12 17:23:44
P. Ideal,CEDIS,Verificada,20,1200,2025-09-12 17:49:05
P. Ideal,CEDIS,Verificada,20,1200,2025-09-12 18:35:37
P. Ideal,CEDIS,Verificada,20,1176,2025-09-12 19:17:13
SNH,CEDIS,Verificada,8,480,2025-09-12 19:17:37
P. Ideal,CEDIS,Verificada,20,1200,2025-09-12 20:19:53
P. Ideal,CEDIS,Verificada,22,1224,2025-09-12 21:03:16
P. Ideal,CEDIS,Verificada,20,1148,2025-09-12 21:25:32
P. Ideal,CEDIS,Verificada,22,1296,2025-09-12 22:35:41
P. Ideal,CEDIS,Verificada,20,1032,2025-09-12 23:35:41
P. Ideal,CEDIS,Verificada,20,1140,2025-09-12 23:35:41
P. Ideal,CEDIS,Verificada,24,1255,2025-09-13 00:35:41
P. Ideal,CEDIS,Verificada,22,1253,2025-09-13 00:35:42
SNH,CEDIS,Verificada,8,1000,2025-09-13 01:06:41
P. Ideal,CEDIS,Verificada,22,1308,2025-09-13 01:07:11
P. Ideal,CEDIS,Verificada,24,600,2025-09-13 01:35:40
P. Ideal,CEDIS,Verificada,22,1163,2025-09-13 02:35:41
P. Ideal,CEDIS,Verificada,22,1348,2025-09-13 02:35:42
P. Ideal,CEDIS,Verificada,22,1177,2025-09-13 02:35:42
P. Ideal,CEDIS,Verificada,22,1164,2025-09-13 03:10:22
P. Ideal,CEDIS,Verificada,22,1320,2025-09-13 03:35:41
P. Ideal,CEDIS,Verificada,22,1236,2025-09-13 03:35:41
P. Ideal,CEDIS,Verificada,22,1204,2025-09-13 04:18:52
NB,CEDIS,Verificada,26,2189,2025-09-13 05:34:36
P. Ideal,CEDIS,Verificada,25,1113,2025-09-13 05:34:37
P. Ideal,CEDIS,Verificada,23,1194,2025-09-13 05:34:38
P. Ideal,CEDIS,Verificada,1,60,2025-09-13 06:31:54
P. Ideal,CEDIS,Verificada,1,48,2025-09-13 06:31:54
P. Ideal,CEDIS,Verificada,22,1211,2025-09-13 06:31:55
Barcel,CEDIS,Verificada,16,896,2025-09-13 07:31:53
NB,CEDIS,Verificada,26,2520,2025-09-13 07:34:24
NB,CEDIS,Verificada,24,1512,2025-09-13 07:36:31
Barcel,CEDIS,Verificada,24,1344,2025-09-13 07:38:47
Barcel,CEDIS,Verificada,24,2040,2025-09-13 07:41:38
NB,CEDIS,Verificada,24,2462,2025-09-13 07:44:00
P. Ideal,CEDIS,Verificada,22,1020,2025-09-13 08:35:41
P. Ideal,CEDIS,Verificada,22,1235,2025-09-13 08:35:41
P. Ideal,CEDIS,Verificada,22,1045,2025-09-13 08:35:42
P. Ideal,CEDIS,Verificada,23,860,2025-09-13 09:35:41
P. Ideal,CEDIS,Verificada,22,1075,2025-09-13 09:35:42
P. Ideal,CEDIS,Verificada,22,1284,2025-09-13 10:16:34
P. Ideal,CEDIS,Verificada,22,1296,2025-09-13 11:05:33
P. Ideal,CEDIS,Verificada,22,1284,2025-09-13 12:13:12
P. Ideal,CEDIS,Verificada,22,1308,2025-09-13 12:35:41
P. Ideal,CEDIS,Verificada,22,1053,2025-09-13 12:35:42
P. Ideal,CEDIS,Verificada,22,1316,2025-09-13 12:56:41
P. Ideal,CEDIS,Verificada,22,1308,2025-09-13 12:56:56
P. Ideal,CEDIS,Verificada,22,1272,2025-09-13 13:35:41
P. Ideal,CEDIS,Verificada,22,1115,2025-09-13 13:44:50
P. Ideal,CEDIS,Verificada,22,1184,2025-09-13 13:45:41
P. Ideal,CEDIS,Verificada,22,1176,2025-09-13 14:20:58
Barcel,CEDIS,Verificada,24,1410,2025-09-13 14:21:14
P. Ideal,CEDIS,Verificada,22,1077,2025-09-13 14:21:33
P. Ideal,CEDIS,Verificada,22,1184,2025-09-13 14:35:41
NB,CEDIS,Verificada,28,2762,2025-09-13 14:54:27
P. Ideal,CEDIS,Verificada,22,1308,2025-09-13 14:56:57
P. Ideal,CEDIS,Verificada,25,1239,2025-09-13 15:35:41
P. Ideal,CEDIS,Verificada,22,1132,2025-09-13 16:35:41
P. Ideal,CEDIS,Verificada,22,1070,2025-09-13 16:35:42
P. Ideal,CEDIS,Verificada,22,1248,2025-09-13 17:26:38
P. Ideal,CEDIS,Verificada,22,1268,2025-09-13 17:26:56
P. Ideal,CEDIS,Verificada,22,1260,2025-09-13 19:35:41
P. Ideal,CEDIS,Verificada,22,1152,2025-09-13 19:35:42
P. Ideal,CEDIS,Verificada,22,1157,2025-09-13 20:35:41
P. Ideal,CEDIS,Verificada,22,1188,2025-09-13 20:35:41
P. Ideal,CEDIS,Verificada,21,1065,2025-09-13 21:35:41
P. Ideal,CEDIS,Verificada,24,600,2025-09-13 21:35:42
P. Ideal,CEDIS,Verificada,22,1126,2025-09-13 22:35:41
P. Ideal,CEDIS,Verificada,22,1152,2025-09-13 23:35:41
P. Ideal,CEDIS,Verificada,22,882,2025-09-13 23:57:27
SNH,CEDIS,Verificada,8,1000,2025-09-14 00:04:00
P. Ideal,CEDIS,Verificada,22,1188,2025-09-14 00:26:07
P. Ideal,CEDIS,Verificada,22,1088,2025-09-14 01:35:41
P. Ideal,CEDIS,Verificada,22,1112,2025-09-14 01:54:36
P. Ideal,CEDIS,Verificada,24,1100,2025-09-14 02:23:04
P. Ideal,CEDIS,Verificada,26,1144,2025-09-14 02:46:19
P. Ideal,CEDIS,Verificada,24,600,2025-09-14 03:26:14
P. Ideal,CEDIS,Verificada,24,600,2025-09-14 04:20:17
P. Ideal,CEDIS,Verificada,22,829,2025-09-14 05:03:43
P. Ideal,CEDIS,Verificada,24,600,2025-09-14 07:26:40
P. Ideal,CEDIS,Verificada,24,600,2025-09-14 08:35:57
P. Ideal,CEDIS,Verificada,28,700,2025-09-14 08:35:58
P. Ideal,CEDIS,Verificada,22,1068,2025-09-14 08:35:59
P. Ideal,CEDIS,Verificada,23,746,2025-09-14 10:35:52
NB,CEDIS,Verificada,26,1524,2025-09-14 13:09:27
P. Ideal,CEDIS,Verificada,23,1343,2025-09-15 03:35:59
P. Ideal,CEDIS,Verificada,22,1572,2025-09-15 05:09:07
P. Ideal,CEDIS,Verificada,22,1080,2025-09-15 05:33:33
Barcel,CEDIS,Verificada,24,1344,2025-09-15 07:07:32
Barcel,CEDIS,Verificada,24,1293,2025-09-15 07:13:07
Barcel,CEDIS,Verificada,24,1536,2025-09-15 07:15:52
P. Ideal,CEDIS,Verificada,22,2040,2025-09-15 07:35:47
P. Ideal,CEDIS,Verificada,24,1275,2025-09-15 08:35:59
P. Ideal,CEDIS,Verificada,22,1804,2025-09-15 09:27:45
P. Ideal,CEDIS,Verificada,22,1328,2025-09-15 11:23:29
P. Ideal,CEDIS,Verificada,22,1524,2025-09-15 11:24:24
P. Ideal,CEDIS,Verificada,22,1320,2025-09-15 12:00:25
P. Ideal,CEDIS,Verificada,22,1320,2025-09-15 12:36:00
P. Ideal,CEDIS,Verificada,23,1300,2025-09-15 12:42:23
P. Ideal,CEDIS,Verificada,22,1336,2025-09-15 13:03:41
P. Ideal,CEDIS,Verificada,20,969,2025-09-15 14:04:51
P. Ideal,CEDIS,Verificada,22,1255,2025-09-15 14:07:28
P. Ideal,CEDIS,Verificada,22,1271,2025-09-15 14:23:29
P. Ideal,CEDIS,Verificada,22,1224,2025-09-15 16:30:49
P. Ideal,CEDIS,Verificada,22,1260,2025-09-15 16:42:54
P. Ideal,CEDIS,Verificada,21,1380,2025-09-15 17:19:03
P. Ideal,CEDIS,Verificada,22,1224,2025-09-15 18:36:00
P. Ideal,CEDIS,Verificada,22,1360,2025-09-15 18:45:47
P. Ideal,CEDIS,Verificada,22,1316,2025-09-15 19:07:37
P. Ideal,CEDIS,Verificada,22,1320,2025-09-15 19:36:00
P. Ideal,CEDIS,Verificada,22,1300,2025-09-15 20:07:36
P. Ideal,CEDIS,Verificada,22,1320,2025-09-15 20:45:17
P. Ideal,CEDIS,Verificada,22,1316,2025-09-15 21:36:01
P. Ideal,CEDIS,Verificada,22,1206,2025-09-15 23:36:01
P. Ideal,CEDIS,Verificada,22,1232,2025-09-15 23:36:02
P. Ideal,CEDIS,Verificada,22,1297,2025-09-16 00:36:01
P. Ideal,CEDIS,Verificada,22,1137,2025-09-16 00:36:02
P. Ideal,CEDIS,Verificada,23,1122,2025-09-16 00:36:02
P. Ideal,CEDIS,Verificada,22,1320,2025-09-16 01:01:20
P. Ideal,CEDIS,Verificada,22,1218,2025-09-16 01:35:07
P. Ideal,CEDIS,Verificada,22,1288,2025-09-16 01:35:08
P. Ideal,CEDIS,Verificada,22,1374,2025-09-16 02:36:01
P. Ideal,CEDIS,Verificada,23,1051,2025-09-16 02:36:02
P. Ideal,CEDIS,Verificada,22,1228,2025-09-16 02:36:02
Barcel,CEDIS,Verificada,23,1252,2025-09-16 02:36:03
P. Ideal,CEDIS,Verificada,22,1212,2025-09-16 03:33:10
P. Ideal,CEDIS,Verificada,22,550,2025-09-16 03:33:10
P. Ideal,CEDIS,Verificada,22,1196,2025-09-16 03:35:43
P. Ideal,CEDIS,Verificada,22,1104,2025-09-16 04:30:27
P. Ideal,CEDIS,Verificada,22,550,2025-09-16 04:30:28
P. Ideal,CEDIS,Verificada,22,1076,2025-09-16 04:39:20
P. Ideal,CEDIS,Verificada,22,1136,2025-09-16 05:06:40
P. Ideal,CEDIS,Verificada,22,1092,2025-09-16 05:51:04
P. Ideal,CEDIS,Verificada,23,1114,2025-09-16 06:16:30
Barcel,CEDIS,Verificada,24,1564,2025-09-16 07:20:21
P. Ideal,CEDIS,Verificada,22,2150,2025-09-16 07:36:01
P. Ideal,CEDIS,Verificada,22,1140,2025-09-16 08:09:13
P. Ideal,CEDIS,Verificada,22,1156,2025-09-16 08:36:01
P. Ideal,CEDIS,Verificada,20,1680,2025-09-16 08:45:11
P. Chillán,CEDIS,Verificada,19,1140,2025-09-16 09:36:01
P. Ideal,CEDIS,Verificada,16,1280,2025-09-16 09:36:01
P. Ideal,CEDIS,Verificada,22,1421,2025-09-16 09:53:52
P. Ideal,CEDIS,Verificada,22,1272,2025-09-16 10:27:27
P. Ideal,CEDIS,Verificada,22,1624,2025-09-16 10:58:06
P. Ideal,CEDIS,Verificada,24,600,2025-09-16 11:32:20
P. Ideal,CEDIS,Verificada,22,1297,2025-09-16 12:36:01
P. Ideal,CEDIS,Verificada,22,1320,2025-09-16 13:08:20
P. Ideal,CEDIS,Verificada,22,1462,2025-09-16 13:08:36
P. Ideal,CEDIS,Verificada,21,1203,2025-09-16 14:18:26
P. Ideal,CEDIS,Verificada,22,1179,2025-09-16 16:36:01
P. Ideal,CEDIS,Verificada,22,1028,2025-09-16 16:36:02
P. Ideal,CEDIS,Verificada,24,600,2025-09-16 16:36:03
P. Ideal,CEDIS,Verificada,22,1312,2025-09-16 17:01:07
P. Ideal,CEDIS,Verificada,22,2205,2025-09-16 17:16:51
P. Ideal,CEDIS,Verificada,22,1211,2025-09-16 18:05:13
P. Ideal,CEDIS,Verificada,22,1099,2025-09-16 18:22:21
SNH,CEDIS,Verificada,8,1000,2025-09-16 18:47:44
P. Ideal,CEDIS,Verificada,22,1260,2025-09-16 19:36:01
P. Chillán,CEDIS,Verificada,24,1464,2025-09-16 20:05:58
P. Ideal,CEDIS,Verificada,22,1187,2025-09-16 20:14:47
P. Ideal,CEDIS,Verificada,22,1236,2025-09-16 20:14:48
P. Ideal,CEDIS,Verificada,22,1184,2025-09-16 21:36:01
P. Ideal,CEDIS,Verificada,22,1269,2025-09-16 22:36:02
P. Ideal,CEDIS,Verificada,22,1148,2025-09-16 23:36:02
P. Ideal,CEDIS,Verificada,24,600,2025-09-16 23:36:03
P. Ideal,CEDIS,Verificada,22,1311,2025-09-16 23:36:04
P. Chillán,CEDIS,Verificada,24,1560,2025-09-16 23:36:04
NB,CEDIS,Verificada,26,1910,2025-09-16 23:51:45
P. Ideal,CEDIS,Verificada,22,1212,2025-09-16 23:51:46
P. Ideal,CEDIS,Verificada,24,600,2025-09-17 00:36:01
P. Ideal,CEDIS,Verificada,22,1260,2025-09-17 00:36:02
P. Ideal,CEDIS,Verificada,24,724,2025-09-17 01:15:11
P. Ideal,CEDIS,Verificada,22,1171,2025-09-17 01:15:11
P. Ideal,CEDIS,Verificada,22,1120,2025-09-17 02:33:11
P. Ideal,CEDIS,Verificada,23,1079,2025-09-17 02:33:12
P. Ideal,CEDIS,Verificada,22,708,2025-09-17 02:33:13
P. Ideal,CEDIS,Verificada,22,1113,2025-09-17 02:33:13
P. Ideal,CEDIS,Verificada,22,1010,2025-09-17 04:36:01
P. Ideal,CEDIS,Verificada,23,1256,2025-09-17 05:33:59
P. Ideal,CEDIS,Verificada,22,1211,2025-09-17 05:34:00
P. Ideal,CEDIS,Verificada,22,1260,2025-09-17 05:34:00
Barcel,CEDIS,Verificada,30,1680,2025-09-17 07:21:00
P. Ideal,CEDIS,Verificada,22,1248,2025-09-17 07:23:45
Barcel,CEDIS,Verificada,30,1665,2025-09-17 07:25:54
Barcel,CEDIS,Verificada,24,1338,2025-09-17 07:28:44
P. Ideal,CEDIS,Verificada,22,1272,2025-09-17 08:06:29
P. Ideal,CEDIS,Verificada,22,1236,2025-09-17 08:06:44
SNH,CEDIS,Verificada,8,469,2025-09-17 08:36:10
P. Ideal,CEDIS,Verificada,23,1071,2025-09-17 08:36:29
P. Ideal,CEDIS,Verificada,22,1316,2025-09-17 09:02:53
P. Ideal,CEDIS,Verificada,22,1320,2025-09-17 09:36:01
P. Ideal,CEDIS,Verificada,22,1320,2025-09-17 09:52:10
P. Ideal,CEDIS,Verificada,22,1212,2025-09-17 10:55:55
P. Ideal,CEDIS,Verificada,22,1320,2025-09-17 10:57:05
P. Ideal,CEDIS,Verificada,20,1176,2025-09-17 11:30:27
P. Ideal,CEDIS,Verificada,22,1199,2025-09-17 12:04:55
P. Chillán,CEDIS,Verificada,24,1632,2025-09-17 12:36:02
P. Ideal,CEDIS,Verificada,23,1167,2025-09-17 12:36:02
P. Ideal,CEDIS,Verificada,22,1224,2025-09-17 13:03:42
P. Ideal,CEDIS,Verificada,22,1172,2025-09-17 13:04:06
P. Ideal,CEDIS,Verificada,22,1223,2025-09-17 13:36:08
P. Ideal,CEDIS,Verificada,22,779,2025-09-17 13:55:51
P. Ideal,CEDIS,Verificada,22,1189,2025-09-17 15:36:03
P. Ideal,CEDIS,Verificada,22,1248,2025-09-17 15:47:20
P. Ideal,CEDIS,Verificada,22,1227,2025-09-17 16:09:58
P. Ideal,CEDIS,Verificada,22,1308,2025-09-17 16:40:29
P. Ideal,CEDIS,Verificada,22,1248,2025-09-17 17:16:35
P. Ideal,CEDIS,Verificada,22,1229,2025-09-17 18:24:53
P. Chillán,CEDIS,Verificada,24,1632,2025-09-17 18:29:09
P. Ideal,CEDIS,Verificada,22,1170,2025-09-17 18:29:39
Barcel,CEDIS,Verificada,24,1159,2025-09-17 19:33:50
P. Ideal,CEDIS,Verificada,22,1316,2025-09-17 19:33:51
P. Ideal,CEDIS,Verificada,22,1212,2025-09-17 21:20:20
NB,CEDIS,Verificada,28,1941,2025-09-17 21:32:14
NB,CEDIS,Verificada,30,2215,2025-09-20 20:36:18
P. Ideal,CEDIS,Verificada,22,1198,2025-09-20 20:36:19
P. Ideal,CEDIS,Verificada,22,1140,2025-09-20 20:36:19
P. Ideal,CEDIS,Verificada,22,1069,2025-09-20 21:35:18
P. Ideal,CEDIS,Verificada,22,1218,2025-09-20 21:35:18
Barcel,CEDIS,Verificada,24,1176,2025-09-22 07:37:27
Barcel,CEDIS,Verificada,26,1274,2025-09-22 07:40:23
NB,CEDIS,Verificada,26,2150,2025-09-22 07:42:18
P. Chillán,CEDIS,Verificada,26,1731,2025-09-22 07:45:19
P. Ideal,CEDIS,Verificada,22,1157,2025-09-22 09:04:48
P. Ideal,CEDIS,Verificada,18,887,2025-09-22 09:21:33
P. Chillán,CEDIS,Verificada,17,1088,2025-09-22 09:21:33
P. Chillán,CEDIS,Verificada,15,855,2025-09-22 10:08:30
P. Ideal,CEDIS,Verificada,22,2080,2025-09-22 16:36:26
P. Ideal,CEDIS,Verificada,22,1309,2025-09-22 17:36:26
P. Ideal,CEDIS,Verificada,22,1233,2025-09-22 18:36:26
P. Ideal,CEDIS,Verificada,22,1132,2025-09-22 18:42:44
SNH,CEDIS,Verificada,8,480,2025-09-22 18:42:44
P. Ideal,CEDIS,Verificada,22,1494,2025-09-22 19:36:26
P. Ideal,CEDIS,Verificada,22,2200,2025-09-22 20:29:07
P. Ideal,CEDIS,Verificada,23,1161,2025-09-22 20:29:26
P. Ideal,CEDIS,Verificada,22,1762,2025-09-22 20:29:27
P. Ideal,CEDIS,Verificada,22,1355,2025-09-22 20:59:05
P. Ideal,CEDIS,Verificada,22,1301,2025-09-22 21:36:26
P. Ideal,CEDIS,Verificada,23,1357,2025-09-22 21:36:26
Barcel,CEDIS,Verificada,24,1344,2025-09-22 22:35:57
P. Ideal,CEDIS,Verificada,22,1344,2025-09-22 22:36:26
P. Ideal,CEDIS,Verificada,22,1115,2025-09-22 22:36:27
NB,CEDIS,Verificada,26,1810,2025-09-22 22:40:27
NB,CEDIS,Verificada,24,1676,2025-09-22 22:43:16
Barcel,CEDIS,Verificada,24,1344,2025-09-22 22:48:01
P. Ideal,CEDIS,Verificada,22,1045,2025-09-23 00:11:30
P. Ideal,CEDIS,Verificada,22,1338,2025-09-23 00:17:14
P. Ideal,CEDIS,Verificada,22,1240,2025-09-23 01:04:12
P. Ideal,CEDIS,Verificada,22,1296,2025-09-23 01:04:40
P. Ideal,CEDIS,Verificada,22,1254,2025-09-23 01:16:22
P. Ideal,CEDIS,Verificada,22,1270,2025-09-23 01:36:30
P. Ideal,CEDIS,Verificada,22,1271,2025-09-23 02:10:32
P. Ideal,CEDIS,Verificada,22,1508,2025-09-23 02:10:49
P. Ideal,CEDIS,Verificada,22,1484,2025-09-23 02:36:30
P. Ideal,CEDIS,Verificada,22,1368,2025-09-23 03:04:03
P. Ideal,CEDIS,Verificada,22,1660,2025-09-23 03:15:12
P. Ideal,CEDIS,Verificada,22,1336,2025-09-23 03:36:50
P. Ideal,CEDIS,Verificada,22,1318,2025-09-23 04:11:13
P. Ideal,CEDIS,Verificada,22,1224,2025-09-23 04:33:04
P. Ideal,CEDIS,Verificada,22,1272,2025-09-23 05:07:02
P. Ideal,CEDIS,Verificada,22,1284,2025-09-23 05:24:44
P. Ideal,CEDIS,Verificada,22,1260,2025-09-23 05:40:12
NB,CEDIS,Verificada,26,1776,2025-09-23 06:41:08
P. Ideal,CEDIS,Verificada,24,688,2025-09-23 07:47:07
P. Ideal,CEDIS,Verificada,22,1320,2025-09-23 08:26:38
P. Ideal,CEDIS,Verificada,23,1164,2025-09-23 08:54:39
P. Ideal,CEDIS,Verificada,22,1247,2025-09-23 09:36:31
P. Ideal,CEDIS,Verificada,22,1320,2025-09-23 10:36:30
P. Ideal,CEDIS,Verificada,22,1320,2025-09-23 10:59:28
P. Ideal,CEDIS,Verificada,22,1279,2025-09-23 11:31:59
P. Ideal,CEDIS,Verificada,22,1187,2025-09-23 11:57:57
P. Ideal,CEDIS,Verificada,22,1320,2025-09-23 12:36:30
P. Ideal,CEDIS,Verificada,22,1320,2025-09-23 13:22:40
P. Ideal,CEDIS,Verificada,22,1232,2025-09-23 13:47:02
P. Ideal,CEDIS,Verificada,22,1136,2025-09-23 15:34:06
P. Ideal,CEDIS,Verificada,22,1158,2025-09-23 16:36:34
P. Ideal,CEDIS,Verificada,22,1320,2025-09-23 17:36:42
P. Ideal,CEDIS,Verificada,22,1202,2025-09-23 18:11:03
P. Ideal,CEDIS,Verificada,22,1304,2025-09-23 18:36:42
P. Ideal,CEDIS,Verificada,22,1308,2025-09-23 19:36:42
NB,CEDIS,Verificada,26,1764,2025-09-23 19:48:55
P. Ideal,CEDIS,Verificada,22,1275,2025-09-23 19:48:56
P. Ideal,CEDIS,Verificada,23,1123,2025-09-23 20:10:40
SNH,CEDIS,Verificada,8,480,2025-09-23 20:10:41
P. Ideal,CEDIS,Verificada,22,1320,2025-09-23 20:28:25
P. Ideal,CEDIS,Verificada,20,1080,2025-09-23 20:43:48
P. Ideal,CEDIS,Verificada,22,1176,2025-09-23 22:06:26
P. Ideal,CEDIS,Verificada,22,1143,2025-09-23 23:04:01
P. Ideal,CEDIS,Verificada,21,1162,2025-09-23 23:22:26
P. Ideal,CEDIS,Verificada,22,1064,2025-09-24 00:36:43
P. Ideal,CEDIS,Verificada,22,1188,2025-09-24 00:36:44
P. Ideal,CEDIS,Verificada,23,1276,2025-09-24 01:18:13
P. Ideal,CEDIS,Verificada,22,1320,2025-09-24 01:18:29
P. Ideal,CEDIS,Verificada,22,1224,2025-09-24 02:36:43
P. Ideal,CEDIS,Verificada,22,1753,2025-09-24 02:36:43
P. Ideal,CEDIS,Verificada,22,1192,2025-09-24 02:36:44
NB,CEDIS,Verificada,26,1908,2025-09-24 02:51:02
P. Ideal,CEDIS,Verificada,22,1024,2025-09-24 02:51:16
Barcel,CEDIS,En transito,28,1540,2025-09-24 03:34:33
P. Ideal,CEDIS,Verificada,22,1865,2025-09-24 03:36:43
P. Ideal,CEDIS,Verificada,22,1168,2025-09-24 03:36:43
P. Ideal,CEDIS,Verificada,22,1367,2025-09-24 04:33:16
P. Ideal,CEDIS,Verificada,22,1240,2025-09-24 04:33:33
P. Ideal,CEDIS,Verificada,22,1335,2025-09-24 05:02:40
P. Ideal,CEDIS,Verificada,22,1288,2025-09-24 05:36:43
NB,CEDIS,Verificada,26,1552,2025-09-24 05:43:00
P. Ideal,CEDIS,Verificada,22,1416,2025-09-24 05:54:11
Barcel,CEDIS,Verificada,7,392,2025-09-24 07:35:59
Barcel,CEDIS,Verificada,28,2033,2025-09-24 07:39:07
P. Ideal,CEDIS,Verificada,22,1232,2025-09-24 08:23:33
Barcel,CEDIS,En transito,24,1344,2025-09-24 08:39:01
P. Ideal,CEDIS,Verificada,22,1384,2025-09-24 08:49:10
P. Ideal,CEDIS,Verificada,23,1228,2025-09-24 09:36:21
P. Ideal,CEDIS,Verificada,22,1251,2025-09-24 09:50:06
P. Ideal,CEDIS,Verificada,22,1316,2025-09-24 10:36:43
P. Chillán,CEDIS,En transito,24,1632,2025-09-24 10:37:31
NB,CEDIS,En transito,26,2145,2025-09-24 10:44:45
P. Ideal,CEDIS,Verificada,23,1238,2025-09-24 10:54:00
P. Chillán,CEDIS,En transito,24,1632,2025-09-24 11:02:57
P. Ideal,CEDIS,En transito,22,1320,2025-09-24 11:22:20
P. Ideal,CEDIS,En transito,22,1304,2025-09-24 12:27:01
P. Ideal,CEDIS,Verificada,23,1228,2025-09-24 12:36:45
P. Ideal,CEDIS,Verificada,22,1162,2025-09-24 12:36:45
